2026-02-21 19:19:41,001 - __main__ - INFO - 🚀 ربات راوی در حال اجرا...
2026-02-21 19:20:37,837 - __main__ - INFO - 🚀 ربات راوی در حال اجرا...
2026-02-21 19:20:37,838 - apscheduler.scheduler - INFO - Adding job tentatively -- it will be properly scheduled when the scheduler starts
2026-02-21 19:20:37,841 - apscheduler.scheduler - INFO - Adding job tentatively -- it will be properly scheduled when the scheduler starts
2026-02-21 19:20:37,841 - apscheduler.scheduler - INFO - Adding job tentatively -- it will be properly scheduled when the scheduler starts
2026-02-21 19:20:37,842 - apscheduler.scheduler - INFO - Adding job tentatively -- it will be properly scheduled when the scheduler starts
2026-02-21 19:20:37,847 - apscheduler.scheduler - INFO - Adding job tentatively -- it will be properly scheduled when the scheduler starts
2026-02-21 19:20:37,848 - jobs.scheduler - INFO - ✅ همه جاب‌ها ثبت شدند
2026-02-21 19:22:22,501 - __main__ - INFO - 🚀 ربات راوی در حال اجرا...
2026-02-21 19:22:22,503 - apscheduler.scheduler - INFO - Adding job tentatively -- it will be properly scheduled when the scheduler starts
2026-02-21 19:22:22,505 - apscheduler.scheduler - INFO - Adding job tentatively -- it will be properly scheduled when the scheduler starts
2026-02-21 19:22:22,506 - apscheduler.scheduler - INFO - Adding job tentatively -- it will be properly scheduled when the scheduler starts
2026-02-21 19:22:22,506 - apscheduler.scheduler - INFO - Adding job tentatively -- it will be properly scheduled when the scheduler starts
2026-02-21 19:22:22,506 - apscheduler.scheduler - INFO - Adding job tentatively -- it will be properly scheduled when the scheduler starts
2026-02-21 19:22:22,507 - jobs.scheduler - INFO - ✅ همه جاب‌ها ثبت شدند
2026-02-21 19:22:24,422 - httpx - INFO - HTTP Request: POST https://api.telegram.org/botyour-telegram-bot-token-here/getMe "HTTP/1.1 404 Not Found"
2026-02-21 19:25:44,344 - __main__ - INFO - 🚀 ربات راوی در حال اجرا...
2026-02-21 19:25:44,345 - apscheduler.scheduler - INFO - Adding job tentatively -- it will be properly scheduled when the scheduler starts
2026-02-21 19:25:44,348 - apscheduler.scheduler - INFO - Adding job tentatively -- it will be properly scheduled when the scheduler starts
2026-02-21 19:25:44,348 - apscheduler.scheduler - INFO - Adding job tentatively -- it will be properly scheduled when the scheduler starts
2026-02-21 19:25:44,349 - apscheduler.scheduler - INFO - Adding job tentatively -- it will be properly scheduled when the scheduler starts
2026-02-21 19:25:44,349 - apscheduler.scheduler - INFO - Adding job tentatively -- it will be properly scheduled when the scheduler starts
2026-02-21 19:25:44,349 - jobs.scheduler - INFO - ✅ همه جاب‌ها ثبت شدند
2026-02-21 19:25:45,988 - httpx - INFO - HTTP Request: POST https://api.telegram.org/botyour-telegram-bot-token-here/getMe "HTTP/1.1 404 Not Found"
2026-02-21 19:26:52,582 - __main__ - INFO - 🚀 ربات راوی در حال اجرا...
2026-02-21 19:26:52,585 - apscheduler.scheduler - INFO - Adding job tentatively -- it will be properly scheduled when the scheduler starts
2026-02-21 19:26:52,590 - apscheduler.scheduler - INFO - Adding job tentatively -- it will be properly scheduled when the scheduler starts
2026-02-21 19:26:52,590 - apscheduler.scheduler - INFO - Adding job tentatively -- it will be properly scheduled when the scheduler starts
2026-02-21 19:26:52,591 - apscheduler.scheduler - INFO - Adding job tentatively -- it will be properly scheduled when the scheduler starts
2026-02-21 19:26:52,591 - apscheduler.scheduler - INFO - Adding job tentatively -- it will be properly scheduled when the scheduler starts
2026-02-21 19:26:52,591 - jobs.scheduler - INFO - ✅ همه جاب‌ها ثبت شدند
2026-02-21 19:26:57,195 - httpx - INFO - HTTP Request: POST https://api.telegram.org/bot8416661246:AAEb0d-g188-zJiiP54-3AQ85LpJLHl9RUw/getMe "HTTP/1.1 200 OK"
2026-02-21 19:26:57,351 - httpx - INFO - HTTP Request: POST https://api.telegram.org/bot8416661246:AAEb0d-g188-zJiiP54-3AQ85LpJLHl9RUw/deleteWebhook "HTTP/1.1 200 OK"
2026-02-21 19:26:57,352 - apscheduler.scheduler - INFO - Added job "notify_upcoming_events" to job store "default"
2026-02-21 19:26:57,353 - apscheduler.scheduler - INFO - Added job "reengage_inactive" to job store "default"
2026-02-21 19:26:57,353 - apscheduler.scheduler - INFO - Added job "weekly_report" to job store "default"
2026-02-21 19:26:57,353 - apscheduler.scheduler - INFO - Added job "channel_posts" to job store "default"
2026-02-21 19:26:57,354 - apscheduler.scheduler - INFO - Added job "cleanup_groups" to job store "default"
2026-02-21 19:26:57,354 - apscheduler.scheduler - INFO - Scheduler started
2026-02-21 19:26:57,354 - telegram.ext.Application - INFO - Application started
2026-02-21 19:27:08,942 - httpx - INFO - HTTP Request: POST https://api.telegram.org/bot8416661246:AAEb0d-g188-zJiiP54-3AQ85LpJLHl9RUw/getUpdates "HTTP/1.1 200 OK"
2026-02-21 19:27:19,135 - httpx - INFO - HTTP Request: POST https://api.telegram.org/bot8416661246:AAEb0d-g188-zJiiP54-3AQ85LpJLHl9RUw/getUpdates "HTTP/1.1 200 OK"
2026-02-21 19:27:29,341 - httpx - INFO - HTTP Request: POST https://api.telegram.org/bot8416661246:AAEb0d-g188-zJiiP54-3AQ85LpJLHl9RUw/getUpdates "HTTP/1.1 200 OK"
2026-02-21 19:27:39,506 - httpx - INFO - HTTP Request: POST https://api.telegram.org/bot8416661246:AAEb0d-g188-zJiiP54-3AQ85LpJLHl9RUw/getUpdates "HTTP/1.1 200 OK"
2026-02-21 19:27:49,670 - httpx - INFO - HTTP Request: POST https://api.telegram.org/bot8416661246:AAEb0d-g188-zJiiP54-3AQ85LpJLHl9RUw/getUpdates "HTTP/1.1 200 OK"
2026-02-21 19:27:52,598 - apscheduler.executors.default - INFO - Running job "notify_upcoming_events (trigger: interval[6:00:00], next run at: 2026-02-21 21:57:52 UTC)" (scheduled at 2026-02-21 15:57:52.584483+00:00)
2026-02-21 19:27:52,660 - httpx - INFO - HTTP Request: GET http://localhost:4000/api/events?status=upcoming&limit=20 "HTTP/1.1 502 Bad Gateway"
2026-02-21 19:27:52,661 - services.api_client - ERROR - get_upcoming_events error: Server error '502 Bad Gateway' for url 'http://localhost:4000/api/events?status=upcoming&limit=20'
For more information check: https://developer.mozilla.org/en-US/docs/Web/HTTP/Status/502
2026-02-21 19:27:52,662 - apscheduler.executors.default - INFO - Job "notify_upcoming_events (trigger: interval[6:00:00], next run at: 2026-02-21 21:57:52 UTC)" executed successfully
2026-02-21 19:27:59,855 - httpx - INFO - HTTP Request: POST https://api.telegram.org/bot8416661246:AAEb0d-g188-zJiiP54-3AQ85LpJLHl9RUw/getUpdates "HTTP/1.1 200 OK"
2026-02-21 19:28:10,049 - httpx - INFO - HTTP Request: POST https://api.telegram.org/bot8416661246:AAEb0d-g188-zJiiP54-3AQ85LpJLHl9RUw/getUpdates "HTTP/1.1 200 OK"
2026-02-21 19:28:20,218 - httpx - INFO - HTTP Request: POST https://api.telegram.org/bot8416661246:AAEb0d-g188-zJiiP54-3AQ85LpJLHl9RUw/getUpdates "HTTP/1.1 200 OK"
2026-02-21 19:28:30,392 - httpx - INFO - HTTP Request: POST https://api.telegram.org/bot8416661246:AAEb0d-g188-zJiiP54-3AQ85LpJLHl9RUw/getUpdates "HTTP/1.1 200 OK"
2026-02-21 19:28:40,575 - httpx - INFO - HTTP Request: POST https://api.telegram.org/bot8416661246:AAEb0d-g188-zJiiP54-3AQ85LpJLHl9RUw/getUpdates "HTTP/1.1 200 OK"
2026-02-21 19:28:40,769 - httpx - INFO - HTTP Request: POST https://api.telegram.org/bot8416661246:AAEb0d-g188-zJiiP54-3AQ85LpJLHl9RUw/getUpdates "HTTP/1.1 200 OK"
2026-02-21 19:28:40,771 - telegram.ext.Application - INFO - Application is stopping. This might take a moment.
2026-02-21 19:28:40,772 - apscheduler.scheduler - INFO - Scheduler has been shut down
2026-02-21 19:28:40,797 - telegram.ext.Application - INFO - Application.stop() complete
2026-02-21 19:28:52,484 - __main__ - INFO - 🚀 ربات راوی در حال اجرا...
2026-02-21 19:28:52,485 - apscheduler.scheduler - INFO - Adding job tentatively -- it will be properly scheduled when the scheduler starts
2026-02-21 19:28:52,487 - apscheduler.scheduler - INFO - Adding job tentatively -- it will be properly scheduled when the scheduler starts
2026-02-21 19:28:52,488 - apscheduler.scheduler - INFO - Adding job tentatively -- it will be properly scheduled when the scheduler starts
2026-02-21 19:28:52,488 - apscheduler.scheduler - INFO - Adding job tentatively -- it will be properly scheduled when the scheduler starts
2026-02-21 19:28:52,488 - apscheduler.scheduler - INFO - Adding job tentatively -- it will be properly scheduled when the scheduler starts
2026-02-21 19:28:52,489 - jobs.scheduler - INFO - ✅ همه جاب‌ها ثبت شدند
2026-02-21 19:28:54,488 - httpx - INFO - HTTP Request: POST https://api.telegram.org/bot8416661246:AAEb0d-g188-zJiiP54-3AQ85LpJLHl9RUw/getMe "HTTP/1.1 200 OK"
2026-02-21 19:28:54,657 - httpx - INFO - HTTP Request: POST https://api.telegram.org/bot8416661246:AAEb0d-g188-zJiiP54-3AQ85LpJLHl9RUw/deleteWebhook "HTTP/1.1 200 OK"
2026-02-21 19:28:54,659 - apscheduler.scheduler - INFO - Added job "notify_upcoming_events" to job store "default"
2026-02-21 19:28:54,660 - apscheduler.scheduler - INFO - Added job "reengage_inactive" to job store "default"
2026-02-21 19:28:54,660 - apscheduler.scheduler - INFO - Added job "weekly_report" to job store "default"
2026-02-21 19:28:54,661 - apscheduler.scheduler - INFO - Added job "channel_posts" to job store "default"
2026-02-21 19:28:54,661 - apscheduler.scheduler - INFO - Added job "cleanup_groups" to job store "default"
2026-02-21 19:28:54,661 - apscheduler.scheduler - INFO - Scheduler started
2026-02-21 19:28:54,662 - telegram.ext.Application - INFO - Application started
2026-02-21 19:29:05,270 - httpx - INFO - HTTP Request: POST https://api.telegram.org/bot8416661246:AAEb0d-g188-zJiiP54-3AQ85LpJLHl9RUw/getUpdates "HTTP/1.1 200 OK"
2026-02-21 19:29:15,431 - httpx - INFO - HTTP Request: POST https://api.telegram.org/bot8416661246:AAEb0d-g188-zJiiP54-3AQ85LpJLHl9RUw/getUpdates "HTTP/1.1 200 OK"
2026-02-21 19:29:25,590 - httpx - INFO - HTTP Request: POST https://api.telegram.org/bot8416661246:AAEb0d-g188-zJiiP54-3AQ85LpJLHl9RUw/getUpdates "HTTP/1.1 200 OK"
2026-02-21 19:29:35,758 - httpx - INFO - HTTP Request: POST https://api.telegram.org/bot8416661246:AAEb0d-g188-zJiiP54-3AQ85LpJLHl9RUw/getUpdates "HTTP/1.1 200 OK"
2026-02-21 19:29:45,957 - httpx - INFO - HTTP Request: POST https://api.telegram.org/bot8416661246:AAEb0d-g188-zJiiP54-3AQ85LpJLHl9RUw/getUpdates "HTTP/1.1 200 OK"
2026-02-21 19:29:52,486 - apscheduler.executors.default - INFO - Running job "notify_upcoming_events (trigger: interval[6:00:00], next run at: 2026-02-21 21:59:52 UTC)" (scheduled at 2026-02-21 15:59:52.485126+00:00)
2026-02-21 19:29:52,529 - httpx - INFO - HTTP Request: GET http://localhost:4000/api/events?status=upcoming&limit=20 "HTTP/1.1 502 Bad Gateway"
2026-02-21 19:29:52,530 - services.api_client - ERROR - get_upcoming_events error: Server error '502 Bad Gateway' for url 'http://localhost:4000/api/events?status=upcoming&limit=20'
For more information check: https://developer.mozilla.org/en-US/docs/Web/HTTP/Status/502
2026-02-21 19:29:52,531 - apscheduler.executors.default - INFO - Job "notify_upcoming_events (trigger: interval[6:00:00], next run at: 2026-02-21 21:59:52 UTC)" executed successfully
2026-02-21 19:29:56,123 - httpx - INFO - HTTP Request: POST https://api.telegram.org/bot8416661246:AAEb0d-g188-zJiiP54-3AQ85LpJLHl9RUw/getUpdates "HTTP/1.1 200 OK"
2026-02-21 19:30:06,301 - httpx - INFO - HTTP Request: POST https://api.telegram.org/bot8416661246:AAEb0d-g188-zJiiP54-3AQ85LpJLHl9RUw/getUpdates "HTTP/1.1 200 OK"
2026-02-21 19:30:16,477 - httpx - INFO - HTTP Request: POST https://api.telegram.org/bot8416661246:AAEb0d-g188-zJiiP54-3AQ85LpJLHl9RUw/getUpdates "HTTP/1.1 200 OK"
2026-02-21 19:30:26,638 - httpx - INFO - HTTP Request: POST https://api.telegram.org/bot8416661246:AAEb0d-g188-zJiiP54-3AQ85LpJLHl9RUw/getUpdates "HTTP/1.1 200 OK"
2026-02-21 19:30:36,822 - httpx - INFO - HTTP Request: POST https://api.telegram.org/bot8416661246:AAEb0d-g188-zJiiP54-3AQ85LpJLHl9RUw/getUpdates "HTTP/1.1 200 OK"
2026-02-21 19:30:46,987 - httpx - INFO - HTTP Request: POST https://api.telegram.org/bot8416661246:AAEb0d-g188-zJiiP54-3AQ85LpJLHl9RUw/getUpdates "HTTP/1.1 200 OK"
2026-02-21 19:30:57,147 - httpx - INFO - HTTP Request: POST https://api.telegram.org/bot8416661246:AAEb0d-g188-zJiiP54-3AQ85LpJLHl9RUw/getUpdates "HTTP/1.1 200 OK"
2026-02-21 19:31:07,772 - httpx - INFO - HTTP Request: POST https://api.telegram.org/bot8416661246:AAEb0d-g188-zJiiP54-3AQ85LpJLHl9RUw/getUpdates "HTTP/1.1 200 OK"
2026-02-21 19:31:17,947 - httpx - INFO - HTTP Request: POST https://api.telegram.org/bot8416661246:AAEb0d-g188-zJiiP54-3AQ85LpJLHl9RUw/getUpdates "HTTP/1.1 200 OK"
2026-02-21 19:31:28,142 - httpx - INFO - HTTP Request: POST https://api.telegram.org/bot8416661246:AAEb0d-g188-zJiiP54-3AQ85LpJLHl9RUw/getUpdates "HTTP/1.1 200 OK"
2026-02-21 19:31:38,307 - httpx - INFO - HTTP Request: POST https://api.telegram.org/bot8416661246:AAEb0d-g188-zJiiP54-3AQ85LpJLHl9RUw/getUpdates "HTTP/1.1 200 OK"
2026-02-21 19:31:48,496 - httpx - INFO - HTTP Request: POST https://api.telegram.org/bot8416661246:AAEb0d-g188-zJiiP54-3AQ85LpJLHl9RUw/getUpdates "HTTP/1.1 200 OK"
2026-02-21 19:31:58,663 - httpx - INFO - HTTP Request: POST https://api.telegram.org/bot8416661246:AAEb0d-g188-zJiiP54-3AQ85LpJLHl9RUw/getUpdates "HTTP/1.1 200 OK"
2026-02-21 19:32:08,836 - httpx - INFO - HTTP Request: POST https://api.telegram.org/bot8416661246:AAEb0d-g188-zJiiP54-3AQ85LpJLHl9RUw/getUpdates "HTTP/1.1 200 OK"
2026-02-21 19:32:19,027 - httpx - INFO - HTTP Request: POST https://api.telegram.org/bot8416661246:AAEb0d-g188-zJiiP54-3AQ85LpJLHl9RUw/getUpdates "HTTP/1.1 200 OK"
2026-02-21 19:32:29,211 - httpx - INFO - HTTP Request: POST https://api.telegram.org/bot8416661246:AAEb0d-g188-zJiiP54-3AQ85LpJLHl9RUw/getUpdates "HTTP/1.1 200 OK"
2026-02-21 19:32:39,394 - httpx - INFO - HTTP Request: POST https://api.telegram.org/bot8416661246:AAEb0d-g188-zJiiP54-3AQ85LpJLHl9RUw/getUpdates "HTTP/1.1 200 OK"
2026-02-21 19:32:49,570 - httpx - INFO - HTTP Request: POST https://api.telegram.org/bot8416661246:AAEb0d-g188-zJiiP54-3AQ85LpJLHl9RUw/getUpdates "HTTP/1.1 200 OK"
2026-02-21 19:32:59,748 - httpx - INFO - HTTP Request: POST https://api.telegram.org/bot8416661246:AAEb0d-g188-zJiiP54-3AQ85LpJLHl9RUw/getUpdates "HTTP/1.1 200 OK"
2026-02-21 19:33:09,922 - httpx - INFO - HTTP Request: POST https://api.telegram.org/bot8416661246:AAEb0d-g188-zJiiP54-3AQ85LpJLHl9RUw/getUpdates "HTTP/1.1 200 OK"
2026-02-21 19:33:20,100 - httpx - INFO - HTTP Request: POST https://api.telegram.org/bot8416661246:AAEb0d-g188-zJiiP54-3AQ85LpJLHl9RUw/getUpdates "HTTP/1.1 200 OK"
2026-02-21 19:33:30,275 - httpx - INFO - HTTP Request: POST https://api.telegram.org/bot8416661246:AAEb0d-g188-zJiiP54-3AQ85LpJLHl9RUw/getUpdates "HTTP/1.1 200 OK"
2026-02-21 19:33:40,486 - httpx - INFO - HTTP Request: POST https://api.telegram.org/bot8416661246:AAEb0d-g188-zJiiP54-3AQ85LpJLHl9RUw/getUpdates "HTTP/1.1 200 OK"
2026-02-21 19:33:50,663 - httpx - INFO - HTTP Request: POST https://api.telegram.org/bot8416661246:AAEb0d-g188-zJiiP54-3AQ85LpJLHl9RUw/getUpdates "HTTP/1.1 200 OK"
2026-02-21 19:33:52,493 - apscheduler.executors.default - INFO - Running job "cleanup_groups (trigger: interval[1:00:00], next run at: 2026-02-21 17:03:52 UTC)" (scheduled at 2026-02-21 16:03:52.488627+00:00)
2026-02-21 19:33:52,493 - apscheduler.executors.default - INFO - Job "cleanup_groups (trigger: interval[1:00:00], next run at: 2026-02-21 17:03:52 UTC)" executed successfully
2026-02-21 19:34:00,827 - httpx - INFO - HTTP Request: POST https://api.telegram.org/bot8416661246:AAEb0d-g188-zJiiP54-3AQ85LpJLHl9RUw/getUpdates "HTTP/1.1 200 OK"
2026-02-21 19:34:10,998 - httpx - INFO - HTTP Request: POST https://api.telegram.org/bot8416661246:AAEb0d-g188-zJiiP54-3AQ85LpJLHl9RUw/getUpdates "HTTP/1.1 200 OK"
2026-02-21 19:34:21,177 - httpx - INFO - HTTP Request: POST https://api.telegram.org/bot8416661246:AAEb0d-g188-zJiiP54-3AQ85LpJLHl9RUw/getUpdates "HTTP/1.1 200 OK"
2026-02-21 19:34:31,343 - httpx - INFO - HTTP Request: POST https://api.telegram.org/bot8416661246:AAEb0d-g188-zJiiP54-3AQ85LpJLHl9RUw/getUpdates "HTTP/1.1 200 OK"
2026-02-21 19:34:41,518 - httpx - INFO - HTTP Request: POST https://api.telegram.org/bot8416661246:AAEb0d-g188-zJiiP54-3AQ85LpJLHl9RUw/getUpdates "HTTP/1.1 200 OK"
2026-02-21 19:34:51,690 - httpx - INFO - HTTP Request: POST https://api.telegram.org/bot8416661246:AAEb0d-g188-zJiiP54-3AQ85LpJLHl9RUw/getUpdates "HTTP/1.1 200 OK"
2026-02-21 19:35:01,863 - httpx - INFO - HTTP Request: POST https://api.telegram.org/bot8416661246:AAEb0d-g188-zJiiP54-3AQ85LpJLHl9RUw/getUpdates "HTTP/1.1 200 OK"
2026-02-21 19:35:12,055 - httpx - INFO - HTTP Request: POST https://api.telegram.org/bot8416661246:AAEb0d-g188-zJiiP54-3AQ85LpJLHl9RUw/getUpdates "HTTP/1.1 200 OK"
2026-02-21 19:35:22,237 - httpx - INFO - HTTP Request: POST https://api.telegram.org/bot8416661246:AAEb0d-g188-zJiiP54-3AQ85LpJLHl9RUw/getUpdates "HTTP/1.1 200 OK"
2026-02-21 19:35:32,422 - httpx - INFO - HTTP Request: POST https://api.telegram.org/bot8416661246:AAEb0d-g188-zJiiP54-3AQ85LpJLHl9RUw/getUpdates "HTTP/1.1 200 OK"
2026-02-21 19:35:42,582 - httpx - INFO - HTTP Request: POST https://api.telegram.org/bot8416661246:AAEb0d-g188-zJiiP54-3AQ85LpJLHl9RUw/getUpdates "HTTP/1.1 200 OK"
2026-02-21 19:35:52,775 - httpx - INFO - HTTP Request: POST https://api.telegram.org/bot8416661246:AAEb0d-g188-zJiiP54-3AQ85LpJLHl9RUw/getUpdates "HTTP/1.1 200 OK"
2026-02-21 19:36:02,944 - httpx - INFO - HTTP Request: POST https://api.telegram.org/bot8416661246:AAEb0d-g188-zJiiP54-3AQ85LpJLHl9RUw/getUpdates "HTTP/1.1 200 OK"
2026-02-21 19:36:13,125 - httpx - INFO - HTTP Request: POST https://api.telegram.org/bot8416661246:AAEb0d-g188-zJiiP54-3AQ85LpJLHl9RUw/getUpdates "HTTP/1.1 200 OK"
2026-02-21 19:36:23,323 - httpx - INFO - HTTP Request: POST https://api.telegram.org/bot8416661246:AAEb0d-g188-zJiiP54-3AQ85LpJLHl9RUw/getUpdates "HTTP/1.1 200 OK"
2026-02-21 19:36:33,499 - httpx - INFO - HTTP Request: POST https://api.telegram.org/bot8416661246:AAEb0d-g188-zJiiP54-3AQ85LpJLHl9RUw/getUpdates "HTTP/1.1 200 OK"
2026-02-21 19:36:43,863 - httpx - INFO - HTTP Request: POST https://api.telegram.org/bot8416661246:AAEb0d-g188-zJiiP54-3AQ85LpJLHl9RUw/getUpdates "HTTP/1.1 200 OK"
2026-02-21 19:36:54,038 - httpx - INFO - HTTP Request: POST https://api.telegram.org/bot8416661246:AAEb0d-g188-zJiiP54-3AQ85LpJLHl9RUw/getUpdates "HTTP/1.1 200 OK"
2026-02-21 19:37:04,238 - httpx - INFO - HTTP Request: POST https://api.telegram.org/bot8416661246:AAEb0d-g188-zJiiP54-3AQ85LpJLHl9RUw/getUpdates "HTTP/1.1 200 OK"
2026-02-21 19:37:14,419 - httpx - INFO - HTTP Request: POST https://api.telegram.org/bot8416661246:AAEb0d-g188-zJiiP54-3AQ85LpJLHl9RUw/getUpdates "HTTP/1.1 200 OK"
2026-02-21 19:37:24,604 - httpx - INFO - HTTP Request: POST https://api.telegram.org/bot8416661246:AAEb0d-g188-zJiiP54-3AQ85LpJLHl9RUw/getUpdates "HTTP/1.1 200 OK"
2026-02-21 19:37:34,792 - httpx - INFO - HTTP Request: POST https://api.telegram.org/bot8416661246:AAEb0d-g188-zJiiP54-3AQ85LpJLHl9RUw/getUpdates "HTTP/1.1 200 OK"
2026-02-21 19:37:44,963 - httpx - INFO - HTTP Request: POST https://api.telegram.org/bot8416661246:AAEb0d-g188-zJiiP54-3AQ85LpJLHl9RUw/getUpdates "HTTP/1.1 200 OK"
2026-02-21 19:37:55,142 - httpx - INFO - HTTP Request: POST https://api.telegram.org/bot8416661246:AAEb0d-g188-zJiiP54-3AQ85LpJLHl9RUw/getUpdates "HTTP/1.1 200 OK"
2026-02-21 19:38:05,316 - httpx - INFO - HTTP Request: POST https://api.telegram.org/bot8416661246:AAEb0d-g188-zJiiP54-3AQ85LpJLHl9RUw/getUpdates "HTTP/1.1 200 OK"
2026-02-21 19:38:15,478 - httpx - INFO - HTTP Request: POST https://api.telegram.org/bot8416661246:AAEb0d-g188-zJiiP54-3AQ85LpJLHl9RUw/getUpdates "HTTP/1.1 200 OK"
2026-02-21 19:38:25,651 - httpx - INFO - HTTP Request: POST https://api.telegram.org/bot8416661246:AAEb0d-g188-zJiiP54-3AQ85LpJLHl9RUw/getUpdates "HTTP/1.1 200 OK"
2026-02-21 19:38:35,859 - httpx - INFO - HTTP Request: POST https://api.telegram.org/bot8416661246:AAEb0d-g188-zJiiP54-3AQ85LpJLHl9RUw/getUpdates "HTTP/1.1 200 OK"
2026-02-21 19:38:46,043 - httpx - INFO - HTTP Request: POST https://api.telegram.org/bot8416661246:AAEb0d-g188-zJiiP54-3AQ85LpJLHl9RUw/getUpdates "HTTP/1.1 200 OK"
2026-02-21 19:38:56,225 - httpx - INFO - HTTP Request: POST https://api.telegram.org/bot8416661246:AAEb0d-g188-zJiiP54-3AQ85LpJLHl9RUw/getUpdates "HTTP/1.1 200 OK"
2026-02-21 19:39:03,359 - httpx - INFO - HTTP Request: POST https://api.telegram.org/bot8416661246:AAEb0d-g188-zJiiP54-3AQ85LpJLHl9RUw/getUpdates "HTTP/1.1 200 OK"
2026-02-21 19:39:04,330 - httpx - INFO - HTTP Request: POST https://api.telegram.org/bot8416661246:AAEb0d-g188-zJiiP54-3AQ85LpJLHl9RUw/sendMessage "HTTP/1.1 200 OK"
2026-02-21 19:39:13,551 - httpx - INFO - HTTP Request: POST https://api.telegram.org/bot8416661246:AAEb0d-g188-zJiiP54-3AQ85LpJLHl9RUw/getUpdates "HTTP/1.1 200 OK"
2026-02-21 19:39:23,739 - httpx - INFO - HTTP Request: POST https://api.telegram.org/bot8416661246:AAEb0d-g188-zJiiP54-3AQ85LpJLHl9RUw/getUpdates "HTTP/1.1 200 OK"
2026-02-21 19:39:33,904 - httpx - INFO - HTTP Request: POST https://api.telegram.org/bot8416661246:AAEb0d-g188-zJiiP54-3AQ85LpJLHl9RUw/getUpdates "HTTP/1.1 200 OK"
2026-02-21 19:39:44,089 - httpx - INFO - HTTP Request: POST https://api.telegram.org/bot8416661246:AAEb0d-g188-zJiiP54-3AQ85LpJLHl9RUw/getUpdates "HTTP/1.1 200 OK"
2026-02-21 19:39:54,267 - httpx - INFO - HTTP Request: POST https://api.telegram.org/bot8416661246:AAEb0d-g188-zJiiP54-3AQ85LpJLHl9RUw/getUpdates "HTTP/1.1 200 OK"
2026-02-21 19:40:04,450 - httpx - INFO - HTTP Request: POST https://api.telegram.org/bot8416661246:AAEb0d-g188-zJiiP54-3AQ85LpJLHl9RUw/getUpdates "HTTP/1.1 200 OK"
2026-02-21 19:40:14,633 - httpx - INFO - HTTP Request: POST https://api.telegram.org/bot8416661246:AAEb0d-g188-zJiiP54-3AQ85LpJLHl9RUw/getUpdates "HTTP/1.1 200 OK"
2026-02-21 19:40:24,809 - httpx - INFO - HTTP Request: POST https://api.telegram.org/bot8416661246:AAEb0d-g188-zJiiP54-3AQ85LpJLHl9RUw/getUpdates "HTTP/1.1 200 OK"
2026-02-21 19:40:34,990 - httpx - INFO - HTTP Request: POST https://api.telegram.org/bot8416661246:AAEb0d-g188-zJiiP54-3AQ85LpJLHl9RUw/getUpdates "HTTP/1.1 200 OK"
2026-02-21 19:40:45,175 - httpx - INFO - HTTP Request: POST https://api.telegram.org/bot8416661246:AAEb0d-g188-zJiiP54-3AQ85LpJLHl9RUw/getUpdates "HTTP/1.1 200 OK"
2026-02-21 19:40:55,335 - httpx - INFO - HTTP Request: POST https://api.telegram.org/bot8416661246:AAEb0d-g188-zJiiP54-3AQ85LpJLHl9RUw/getUpdates "HTTP/1.1 200 OK"
2026-02-21 19:41:05,502 - httpx - INFO - HTTP Request: POST https://api.telegram.org/bot8416661246:AAEb0d-g188-zJiiP54-3AQ85LpJLHl9RUw/getUpdates "HTTP/1.1 200 OK"
2026-02-21 19:41:15,671 - httpx - INFO - HTTP Request: POST https://api.telegram.org/bot8416661246:AAEb0d-g188-zJiiP54-3AQ85LpJLHl9RUw/getUpdates "HTTP/1.1 200 OK"
2026-02-21 19:41:25,857 - httpx - INFO - HTTP Request: POST https://api.telegram.org/bot8416661246:AAEb0d-g188-zJiiP54-3AQ85LpJLHl9RUw/getUpdates "HTTP/1.1 200 OK"
2026-02-21 19:41:36,032 - httpx - INFO - HTTP Request: POST https://api.telegram.org/bot8416661246:AAEb0d-g188-zJiiP54-3AQ85LpJLHl9RUw/getUpdates "HTTP/1.1 200 OK"
2026-02-21 19:41:46,244 - httpx - INFO - HTTP Request: POST https://api.telegram.org/bot8416661246:AAEb0d-g188-zJiiP54-3AQ85LpJLHl9RUw/getUpdates "HTTP/1.1 200 OK"
2026-02-21 19:41:56,432 - httpx - INFO - HTTP Request: POST https://api.telegram.org/bot8416661246:AAEb0d-g188-zJiiP54-3AQ85LpJLHl9RUw/getUpdates "HTTP/1.1 200 OK"
2026-02-21 19:42:06,615 - httpx - INFO - HTTP Request: POST https://api.telegram.org/bot8416661246:AAEb0d-g188-zJiiP54-3AQ85LpJLHl9RUw/getUpdates "HTTP/1.1 200 OK"
2026-02-21 19:42:16,785 - httpx - INFO - HTTP Request: POST https://api.telegram.org/bot8416661246:AAEb0d-g188-zJiiP54-3AQ85LpJLHl9RUw/getUpdates "HTTP/1.1 200 OK"
2026-02-21 19:42:26,982 - httpx - INFO - HTTP Request: POST https://api.telegram.org/bot8416661246:AAEb0d-g188-zJiiP54-3AQ85LpJLHl9RUw/getUpdates "HTTP/1.1 200 OK"
2026-02-21 19:42:37,145 - httpx - INFO - HTTP Request: POST https://api.telegram.org/bot8416661246:AAEb0d-g188-zJiiP54-3AQ85LpJLHl9RUw/getUpdates "HTTP/1.1 200 OK"
2026-02-21 19:42:47,322 - httpx - INFO - HTTP Request: POST https://api.telegram.org/bot8416661246:AAEb0d-g188-zJiiP54-3AQ85LpJLHl9RUw/getUpdates "HTTP/1.1 200 OK"
2026-02-21 19:42:57,494 - httpx - INFO - HTTP Request: POST https://api.telegram.org/bot8416661246:AAEb0d-g188-zJiiP54-3AQ85LpJLHl9RUw/getUpdates "HTTP/1.1 200 OK"
2026-02-21 19:43:07,649 - httpx - INFO - HTTP Request: POST https://api.telegram.org/bot8416661246:AAEb0d-g188-zJiiP54-3AQ85LpJLHl9RUw/getUpdates "HTTP/1.1 200 OK"
2026-02-21 19:43:17,825 - httpx - INFO - HTTP Request: POST https://api.telegram.org/bot8416661246:AAEb0d-g188-zJiiP54-3AQ85LpJLHl9RUw/getUpdates "HTTP/1.1 200 OK"
2026-02-21 19:43:28,010 - httpx - INFO - HTTP Request: POST https://api.telegram.org/bot8416661246:AAEb0d-g188-zJiiP54-3AQ85LpJLHl9RUw/getUpdates "HTTP/1.1 200 OK"
2026-02-21 19:43:38,190 - httpx - INFO - HTTP Request: POST https://api.telegram.org/bot8416661246:AAEb0d-g188-zJiiP54-3AQ85LpJLHl9RUw/getUpdates "HTTP/1.1 200 OK"
2026-02-21 19:43:48,376 - httpx - INFO - HTTP Request: POST https://api.telegram.org/bot8416661246:AAEb0d-g188-zJiiP54-3AQ85LpJLHl9RUw/getUpdates "HTTP/1.1 200 OK"
2026-02-21 19:43:58,563 - httpx - INFO - HTTP Request: POST https://api.telegram.org/bot8416661246:AAEb0d-g188-zJiiP54-3AQ85LpJLHl9RUw/getUpdates "HTTP/1.1 200 OK"
2026-02-21 19:44:08,752 - httpx - INFO - HTTP Request: POST https://api.telegram.org/bot8416661246:AAEb0d-g188-zJiiP54-3AQ85LpJLHl9RUw/getUpdates "HTTP/1.1 200 OK"
2026-02-21 19:44:18,956 - httpx - INFO - HTTP Request: POST https://api.telegram.org/bot8416661246:AAEb0d-g188-zJiiP54-3AQ85LpJLHl9RUw/getUpdates "HTTP/1.1 200 OK"
2026-02-21 19:44:29,137 - httpx - INFO - HTTP Request: POST https://api.telegram.org/bot8416661246:AAEb0d-g188-zJiiP54-3AQ85LpJLHl9RUw/getUpdates "HTTP/1.1 200 OK"
2026-02-21 19:44:39,315 - httpx - INFO - HTTP Request: POST https://api.telegram.org/bot8416661246:AAEb0d-g188-zJiiP54-3AQ85LpJLHl9RUw/getUpdates "HTTP/1.1 200 OK"
2026-02-21 19:44:49,492 - httpx - INFO - HTTP Request: POST https://api.telegram.org/bot8416661246:AAEb0d-g188-zJiiP54-3AQ85LpJLHl9RUw/getUpdates "HTTP/1.1 200 OK"
2026-02-21 19:44:59,667 - httpx - INFO - HTTP Request: POST https://api.telegram.org/bot8416661246:AAEb0d-g188-zJiiP54-3AQ85LpJLHl9RUw/getUpdates "HTTP/1.1 200 OK"
2026-02-21 19:45:09,853 - httpx - INFO - HTTP Request: POST https://api.telegram.org/bot8416661246:AAEb0d-g188-zJiiP54-3AQ85LpJLHl9RUw/getUpdates "HTTP/1.1 200 OK"
2026-02-21 19:45:20,029 - httpx - INFO - HTTP Request: POST https://api.telegram.org/bot8416661246:AAEb0d-g188-zJiiP54-3AQ85LpJLHl9RUw/getUpdates "HTTP/1.1 200 OK"
2026-02-21 19:45:30,201 - httpx - INFO - HTTP Request: POST https://api.telegram.org/bot8416661246:AAEb0d-g188-zJiiP54-3AQ85LpJLHl9RUw/getUpdates "HTTP/1.1 200 OK"
2026-02-21 19:45:40,388 - httpx - INFO - HTTP Request: POST https://api.telegram.org/bot8416661246:AAEb0d-g188-zJiiP54-3AQ85LpJLHl9RUw/getUpdates "HTTP/1.1 200 OK"
2026-02-21 19:45:50,604 - httpx - INFO - HTTP Request: POST https://api.telegram.org/bot8416661246:AAEb0d-g188-zJiiP54-3AQ85LpJLHl9RUw/getUpdates "HTTP/1.1 200 OK"
2026-02-21 19:46:01,529 - httpx - INFO - HTTP Request: POST https://api.telegram.org/bot8416661246:AAEb0d-g188-zJiiP54-3AQ85LpJLHl9RUw/getUpdates "HTTP/1.1 200 OK"
2026-02-21 19:46:11,704 - httpx - INFO - HTTP Request: POST https://api.telegram.org/bot8416661246:AAEb0d-g188-zJiiP54-3AQ85LpJLHl9RUw/getUpdates "HTTP/1.1 200 OK"
2026-02-21 19:46:21,887 - httpx - INFO - HTTP Request: POST https://api.telegram.org/bot8416661246:AAEb0d-g188-zJiiP54-3AQ85LpJLHl9RUw/getUpdates "HTTP/1.1 200 OK"
2026-02-21 19:46:32,062 - httpx - INFO - HTTP Request: POST https://api.telegram.org/bot8416661246:AAEb0d-g188-zJiiP54-3AQ85LpJLHl9RUw/getUpdates "HTTP/1.1 200 OK"
2026-02-21 19:46:42,259 - httpx - INFO - HTTP Request: POST https://api.telegram.org/bot8416661246:AAEb0d-g188-zJiiP54-3AQ85LpJLHl9RUw/getUpdates "HTTP/1.1 200 OK"
2026-02-21 19:46:52,439 - httpx - INFO - HTTP Request: POST https://api.telegram.org/bot8416661246:AAEb0d-g188-zJiiP54-3AQ85LpJLHl9RUw/getUpdates "HTTP/1.1 200 OK"
2026-02-21 19:47:02,612 - httpx - INFO - HTTP Request: POST https://api.telegram.org/bot8416661246:AAEb0d-g188-zJiiP54-3AQ85LpJLHl9RUw/getUpdates "HTTP/1.1 200 OK"
2026-02-21 19:47:12,791 - httpx - INFO - HTTP Request: POST https://api.telegram.org/bot8416661246:AAEb0d-g188-zJiiP54-3AQ85LpJLHl9RUw/getUpdates "HTTP/1.1 200 OK"
2026-02-21 19:47:22,992 - httpx - INFO - HTTP Request: POST https://api.telegram.org/bot8416661246:AAEb0d-g188-zJiiP54-3AQ85LpJLHl9RUw/getUpdates "HTTP/1.1 200 OK"
2026-02-21 19:47:33,172 - httpx - INFO - HTTP Request: POST https://api.telegram.org/bot8416661246:AAEb0d-g188-zJiiP54-3AQ85LpJLHl9RUw/getUpdates "HTTP/1.1 200 OK"
2026-02-21 19:47:43,353 - httpx - INFO - HTTP Request: POST https://api.telegram.org/bot8416661246:AAEb0d-g188-zJiiP54-3AQ85LpJLHl9RUw/getUpdates "HTTP/1.1 200 OK"
2026-02-21 19:47:53,513 - httpx - INFO - HTTP Request: POST https://api.telegram.org/bot8416661246:AAEb0d-g188-zJiiP54-3AQ85LpJLHl9RUw/getUpdates "HTTP/1.1 200 OK"
2026-02-21 19:48:03,692 - httpx - INFO - HTTP Request: POST https://api.telegram.org/bot8416661246:AAEb0d-g188-zJiiP54-3AQ85LpJLHl9RUw/getUpdates "HTTP/1.1 200 OK"
2026-02-21 19:48:13,876 - httpx - INFO - HTTP Request: POST https://api.telegram.org/bot8416661246:AAEb0d-g188-zJiiP54-3AQ85LpJLHl9RUw/getUpdates "HTTP/1.1 200 OK"
2026-02-21 19:48:24,059 - httpx - INFO - HTTP Request: POST https://api.telegram.org/bot8416661246:AAEb0d-g188-zJiiP54-3AQ85LpJLHl9RUw/getUpdates "HTTP/1.1 200 OK"
2026-02-21 19:48:34,226 - httpx - INFO - HTTP Request: POST https://api.telegram.org/bot8416661246:AAEb0d-g188-zJiiP54-3AQ85LpJLHl9RUw/getUpdates "HTTP/1.1 200 OK"
2026-02-21 19:48:44,399 - httpx - INFO - HTTP Request: POST https://api.telegram.org/bot8416661246:AAEb0d-g188-zJiiP54-3AQ85LpJLHl9RUw/getUpdates "HTTP/1.1 200 OK"
2026-02-21 19:48:54,586 - httpx - INFO - HTTP Request: POST https://api.telegram.org/bot8416661246:AAEb0d-g188-zJiiP54-3AQ85LpJLHl9RUw/getUpdates "HTTP/1.1 200 OK"
2026-02-21 19:49:04,768 - httpx - INFO - HTTP Request: POST https://api.telegram.org/bot8416661246:AAEb0d-g188-zJiiP54-3AQ85LpJLHl9RUw/getUpdates "HTTP/1.1 200 OK"
2026-02-21 19:49:15,175 - httpx - INFO - HTTP Request: POST https://api.telegram.org/bot8416661246:AAEb0d-g188-zJiiP54-3AQ85LpJLHl9RUw/getUpdates "HTTP/1.1 200 OK"
2026-02-21 19:49:25,360 - httpx - INFO - HTTP Request: POST https://api.telegram.org/bot8416661246:AAEb0d-g188-zJiiP54-3AQ85LpJLHl9RUw/getUpdates "HTTP/1.1 200 OK"
2026-02-21 19:49:35,547 - httpx - INFO - HTTP Request: POST https://api.telegram.org/bot8416661246:AAEb0d-g188-zJiiP54-3AQ85LpJLHl9RUw/getUpdates "HTTP/1.1 200 OK"
2026-02-21 19:49:45,702 - httpx - INFO - HTTP Request: POST https://api.telegram.org/bot8416661246:AAEb0d-g188-zJiiP54-3AQ85LpJLHl9RUw/getUpdates "HTTP/1.1 200 OK"
2026-02-21 19:49:55,891 - httpx - INFO - HTTP Request: POST https://api.telegram.org/bot8416661246:AAEb0d-g188-zJiiP54-3AQ85LpJLHl9RUw/getUpdates "HTTP/1.1 200 OK"
2026-02-21 19:50:06,103 - httpx - INFO - HTTP Request: POST https://api.telegram.org/bot8416661246:AAEb0d-g188-zJiiP54-3AQ85LpJLHl9RUw/getUpdates "HTTP/1.1 200 OK"
2026-02-21 19:50:16,604 - httpx - INFO - HTTP Request: POST https://api.telegram.org/bot8416661246:AAEb0d-g188-zJiiP54-3AQ85LpJLHl9RUw/getUpdates "HTTP/1.1 200 OK"
2026-02-21 19:50:26,780 - httpx - INFO - HTTP Request: POST https://api.telegram.org/bot8416661246:AAEb0d-g188-zJiiP54-3AQ85LpJLHl9RUw/getUpdates "HTTP/1.1 200 OK"
2026-02-21 19:50:36,940 - httpx - INFO - HTTP Request: POST https://api.telegram.org/bot8416661246:AAEb0d-g188-zJiiP54-3AQ85LpJLHl9RUw/getUpdates "HTTP/1.1 200 OK"
2026-02-21 19:50:47,107 - httpx - INFO - HTTP Request: POST https://api.telegram.org/bot8416661246:AAEb0d-g188-zJiiP54-3AQ85LpJLHl9RUw/getUpdates "HTTP/1.1 200 OK"
2026-02-21 19:50:57,275 - httpx - INFO - HTTP Request: POST https://api.telegram.org/bot8416661246:AAEb0d-g188-zJiiP54-3AQ85LpJLHl9RUw/getUpdates "HTTP/1.1 200 OK"
2026-02-21 19:51:07,449 - httpx - INFO - HTTP Request: POST https://api.telegram.org/bot8416661246:AAEb0d-g188-zJiiP54-3AQ85LpJLHl9RUw/getUpdates "HTTP/1.1 200 OK"
2026-02-21 19:51:17,619 - httpx - INFO - HTTP Request: POST https://api.telegram.org/bot8416661246:AAEb0d-g188-zJiiP54-3AQ85LpJLHl9RUw/getUpdates "HTTP/1.1 200 OK"
2026-02-21 19:51:27,785 - httpx - INFO - HTTP Request: POST https://api.telegram.org/bot8416661246:AAEb0d-g188-zJiiP54-3AQ85LpJLHl9RUw/getUpdates "HTTP/1.1 200 OK"
2026-02-21 19:51:39,584 - httpx - INFO - HTTP Request: POST https://api.telegram.org/bot8416661246:AAEb0d-g188-zJiiP54-3AQ85LpJLHl9RUw/getUpdates "HTTP/1.1 200 OK"
2026-02-21 19:51:50,072 - httpx - INFO - HTTP Request: POST https://api.telegram.org/bot8416661246:AAEb0d-g188-zJiiP54-3AQ85LpJLHl9RUw/getUpdates "HTTP/1.1 200 OK"
2026-02-21 19:52:00,240 - httpx - INFO - HTTP Request: POST https://api.telegram.org/bot8416661246:AAEb0d-g188-zJiiP54-3AQ85LpJLHl9RUw/getUpdates "HTTP/1.1 200 OK"
2026-02-21 19:52:10,394 - httpx - INFO - HTTP Request: POST https://api.telegram.org/bot8416661246:AAEb0d-g188-zJiiP54-3AQ85LpJLHl9RUw/getUpdates "HTTP/1.1 200 OK"
2026-02-21 19:52:20,567 - httpx - INFO - HTTP Request: POST https://api.telegram.org/bot8416661246:AAEb0d-g188-zJiiP54-3AQ85LpJLHl9RUw/getUpdates "HTTP/1.1 200 OK"
2026-02-21 19:52:30,761 - httpx - INFO - HTTP Request: POST https://api.telegram.org/bot8416661246:AAEb0d-g188-zJiiP54-3AQ85LpJLHl9RUw/getUpdates "HTTP/1.1 200 OK"
2026-02-21 19:52:40,917 - httpx - INFO - HTTP Request: POST https://api.telegram.org/bot8416661246:AAEb0d-g188-zJiiP54-3AQ85LpJLHl9RUw/getUpdates "HTTP/1.1 200 OK"
2026-02-21 19:52:51,094 - httpx - INFO - HTTP Request: POST https://api.telegram.org/bot8416661246:AAEb0d-g188-zJiiP54-3AQ85LpJLHl9RUw/getUpdates "HTTP/1.1 200 OK"
2026-02-21 19:53:01,267 - httpx - INFO - HTTP Request: POST https://api.telegram.org/bot8416661246:AAEb0d-g188-zJiiP54-3AQ85LpJLHl9RUw/getUpdates "HTTP/1.1 200 OK"
2026-02-21 19:53:11,460 - httpx - INFO - HTTP Request: POST https://api.telegram.org/bot8416661246:AAEb0d-g188-zJiiP54-3AQ85LpJLHl9RUw/getUpdates "HTTP/1.1 200 OK"
2026-02-21 19:53:21,639 - httpx - INFO - HTTP Request: POST https://api.telegram.org/bot8416661246:AAEb0d-g188-zJiiP54-3AQ85LpJLHl9RUw/getUpdates "HTTP/1.1 200 OK"
2026-02-21 19:53:31,848 - httpx - INFO - HTTP Request: POST https://api.telegram.org/bot8416661246:AAEb0d-g188-zJiiP54-3AQ85LpJLHl9RUw/getUpdates "HTTP/1.1 200 OK"
2026-02-21 19:53:42,025 - httpx - INFO - HTTP Request: POST https://api.telegram.org/bot8416661246:AAEb0d-g188-zJiiP54-3AQ85LpJLHl9RUw/getUpdates "HTTP/1.1 200 OK"
2026-02-21 19:53:52,191 - httpx - INFO - HTTP Request: POST https://api.telegram.org/bot8416661246:AAEb0d-g188-zJiiP54-3AQ85LpJLHl9RUw/getUpdates "HTTP/1.1 200 OK"
2026-02-21 19:54:02,384 - httpx - INFO - HTTP Request: POST https://api.telegram.org/bot8416661246:AAEb0d-g188-zJiiP54-3AQ85LpJLHl9RUw/getUpdates "HTTP/1.1 200 OK"
2026-02-21 19:54:12,564 - httpx - INFO - HTTP Request: POST https://api.telegram.org/bot8416661246:AAEb0d-g188-zJiiP54-3AQ85LpJLHl9RUw/getUpdates "HTTP/1.1 200 OK"
2026-02-21 19:54:22,741 - httpx - INFO - HTTP Request: POST https://api.telegram.org/bot8416661246:AAEb0d-g188-zJiiP54-3AQ85LpJLHl9RUw/getUpdates "HTTP/1.1 200 OK"
2026-02-21 19:54:32,913 - httpx - INFO - HTTP Request: POST https://api.telegram.org/bot8416661246:AAEb0d-g188-zJiiP54-3AQ85LpJLHl9RUw/getUpdates "HTTP/1.1 200 OK"
2026-02-21 19:54:43,077 - httpx - INFO - HTTP Request: POST https://api.telegram.org/bot8416661246:AAEb0d-g188-zJiiP54-3AQ85LpJLHl9RUw/getUpdates "HTTP/1.1 200 OK"
2026-02-21 19:54:53,254 - httpx - INFO - HTTP Request: POST https://api.telegram.org/bot8416661246:AAEb0d-g188-zJiiP54-3AQ85LpJLHl9RUw/getUpdates "HTTP/1.1 200 OK"
2026-02-21 19:55:03,416 - httpx - INFO - HTTP Request: POST https://api.telegram.org/bot8416661246:AAEb0d-g188-zJiiP54-3AQ85LpJLHl9RUw/getUpdates "HTTP/1.1 200 OK"
2026-02-21 19:55:13,593 - httpx - INFO - HTTP Request: POST https://api.telegram.org/bot8416661246:AAEb0d-g188-zJiiP54-3AQ85LpJLHl9RUw/getUpdates "HTTP/1.1 200 OK"
2026-02-21 19:55:23,758 - httpx - INFO - HTTP Request: POST https://api.telegram.org/bot8416661246:AAEb0d-g188-zJiiP54-3AQ85LpJLHl9RUw/getUpdates "HTTP/1.1 200 OK"
2026-02-21 19:55:33,939 - httpx - INFO - HTTP Request: POST https://api.telegram.org/bot8416661246:AAEb0d-g188-zJiiP54-3AQ85LpJLHl9RUw/getUpdates "HTTP/1.1 200 OK"
2026-02-21 19:55:44,106 - httpx - INFO - HTTP Request: POST https://api.telegram.org/bot8416661246:AAEb0d-g188-zJiiP54-3AQ85LpJLHl9RUw/getUpdates "HTTP/1.1 200 OK"
2026-02-21 19:55:54,305 - httpx - INFO - HTTP Request: POST https://api.telegram.org/bot8416661246:AAEb0d-g188-zJiiP54-3AQ85LpJLHl9RUw/getUpdates "HTTP/1.1 200 OK"
2026-02-21 19:56:04,478 - httpx - INFO - HTTP Request: POST https://api.telegram.org/bot8416661246:AAEb0d-g188-zJiiP54-3AQ85LpJLHl9RUw/getUpdates "HTTP/1.1 200 OK"
2026-02-21 19:56:14,655 - httpx - INFO - HTTP Request: POST https://api.telegram.org/bot8416661246:AAEb0d-g188-zJiiP54-3AQ85LpJLHl9RUw/getUpdates "HTTP/1.1 200 OK"
2026-02-21 19:56:24,815 - httpx - INFO - HTTP Request: POST https://api.telegram.org/bot8416661246:AAEb0d-g188-zJiiP54-3AQ85LpJLHl9RUw/getUpdates "HTTP/1.1 200 OK"
2026-02-21 19:56:34,980 - httpx - INFO - HTTP Request: POST https://api.telegram.org/bot8416661246:AAEb0d-g188-zJiiP54-3AQ85LpJLHl9RUw/getUpdates "HTTP/1.1 200 OK"
2026-02-21 19:56:45,157 - httpx - INFO - HTTP Request: POST https://api.telegram.org/bot8416661246:AAEb0d-g188-zJiiP54-3AQ85LpJLHl9RUw/getUpdates "HTTP/1.1 200 OK"
2026-02-21 19:56:55,374 - httpx - INFO - HTTP Request: POST https://api.telegram.org/bot8416661246:AAEb0d-g188-zJiiP54-3AQ85LpJLHl9RUw/getUpdates "HTTP/1.1 200 OK"
2026-02-21 19:57:05,553 - httpx - INFO - HTTP Request: POST https://api.telegram.org/bot8416661246:AAEb0d-g188-zJiiP54-3AQ85LpJLHl9RUw/getUpdates "HTTP/1.1 200 OK"
2026-02-21 19:57:15,741 - httpx - INFO - HTTP Request: POST https://api.telegram.org/bot8416661246:AAEb0d-g188-zJiiP54-3AQ85LpJLHl9RUw/getUpdates "HTTP/1.1 200 OK"
2026-02-21 19:57:25,930 - httpx - INFO - HTTP Request: POST https://api.telegram.org/bot8416661246:AAEb0d-g188-zJiiP54-3AQ85LpJLHl9RUw/getUpdates "HTTP/1.1 200 OK"
2026-02-21 19:57:36,105 - httpx - INFO - HTTP Request: POST https://api.telegram.org/bot8416661246:AAEb0d-g188-zJiiP54-3AQ85LpJLHl9RUw/getUpdates "HTTP/1.1 200 OK"
2026-02-21 19:57:46,278 - httpx - INFO - HTTP Request: POST https://api.telegram.org/bot8416661246:AAEb0d-g188-zJiiP54-3AQ85LpJLHl9RUw/getUpdates "HTTP/1.1 200 OK"
2026-02-21 19:57:56,462 - httpx - INFO - HTTP Request: POST https://api.telegram.org/bot8416661246:AAEb0d-g188-zJiiP54-3AQ85LpJLHl9RUw/getUpdates "HTTP/1.1 200 OK"
2026-02-21 19:58:06,650 - httpx - INFO - HTTP Request: POST https://api.telegram.org/bot8416661246:AAEb0d-g188-zJiiP54-3AQ85LpJLHl9RUw/getUpdates "HTTP/1.1 200 OK"
2026-02-21 19:58:16,826 - httpx - INFO - HTTP Request: POST https://api.telegram.org/bot8416661246:AAEb0d-g188-zJiiP54-3AQ85LpJLHl9RUw/getUpdates "HTTP/1.1 200 OK"
2026-02-21 19:58:26,998 - httpx - INFO - HTTP Request: POST https://api.telegram.org/bot8416661246:AAEb0d-g188-zJiiP54-3AQ85LpJLHl9RUw/getUpdates "HTTP/1.1 200 OK"
2026-02-21 19:58:37,197 - httpx - INFO - HTTP Request: POST https://api.telegram.org/bot8416661246:AAEb0d-g188-zJiiP54-3AQ85LpJLHl9RUw/getUpdates "HTTP/1.1 200 OK"
2026-02-21 19:58:47,372 - httpx - INFO - HTTP Request: POST https://api.telegram.org/bot8416661246:AAEb0d-g188-zJiiP54-3AQ85LpJLHl9RUw/getUpdates "HTTP/1.1 200 OK"
2026-02-21 19:58:57,562 - httpx - INFO - HTTP Request: POST https://api.telegram.org/bot8416661246:AAEb0d-g188-zJiiP54-3AQ85LpJLHl9RUw/getUpdates "HTTP/1.1 200 OK"
2026-02-21 19:59:07,768 - httpx - INFO - HTTP Request: POST https://api.telegram.org/bot8416661246:AAEb0d-g188-zJiiP54-3AQ85LpJLHl9RUw/getUpdates "HTTP/1.1 200 OK"
2026-02-21 19:59:17,961 - httpx - INFO - HTTP Request: POST https://api.telegram.org/bot8416661246:AAEb0d-g188-zJiiP54-3AQ85LpJLHl9RUw/getUpdates "HTTP/1.1 200 OK"
2026-02-21 19:59:28,137 - httpx - INFO - HTTP Request: POST https://api.telegram.org/bot8416661246:AAEb0d-g188-zJiiP54-3AQ85LpJLHl9RUw/getUpdates "HTTP/1.1 200 OK"
2026-02-21 19:59:39,095 - httpx - INFO - HTTP Request: POST https://api.telegram.org/bot8416661246:AAEb0d-g188-zJiiP54-3AQ85LpJLHl9RUw/getUpdates "HTTP/1.1 200 OK"
2026-02-21 19:59:49,268 - httpx - INFO - HTTP Request: POST https://api.telegram.org/bot8416661246:AAEb0d-g188-zJiiP54-3AQ85LpJLHl9RUw/getUpdates "HTTP/1.1 200 OK"
2026-02-21 19:59:59,454 - httpx - INFO - HTTP Request: POST https://api.telegram.org/bot8416661246:AAEb0d-g188-zJiiP54-3AQ85LpJLHl9RUw/getUpdates "HTTP/1.1 200 OK"
2026-02-21 20:00:09,630 - httpx - INFO - HTTP Request: POST https://api.telegram.org/bot8416661246:AAEb0d-g188-zJiiP54-3AQ85LpJLHl9RUw/getUpdates "HTTP/1.1 200 OK"
2026-02-21 20:00:19,856 - httpx - INFO - HTTP Request: POST https://api.telegram.org/bot8416661246:AAEb0d-g188-zJiiP54-3AQ85LpJLHl9RUw/getUpdates "HTTP/1.1 200 OK"
2026-02-21 20:00:30,036 - httpx - INFO - HTTP Request: POST https://api.telegram.org/bot8416661246:AAEb0d-g188-zJiiP54-3AQ85LpJLHl9RUw/getUpdates "HTTP/1.1 200 OK"
2026-02-21 20:00:40,229 - httpx - INFO - HTTP Request: POST https://api.telegram.org/bot8416661246:AAEb0d-g188-zJiiP54-3AQ85LpJLHl9RUw/getUpdates "HTTP/1.1 200 OK"
2026-02-21 20:00:50,556 - httpx - INFO - HTTP Request: POST https://api.telegram.org/bot8416661246:AAEb0d-g188-zJiiP54-3AQ85LpJLHl9RUw/getUpdates "HTTP/1.1 200 OK"
2026-02-21 20:01:00,736 - httpx - INFO - HTTP Request: POST https://api.telegram.org/bot8416661246:AAEb0d-g188-zJiiP54-3AQ85LpJLHl9RUw/getUpdates "HTTP/1.1 200 OK"
2026-02-21 20:01:11,049 - httpx - INFO - HTTP Request: POST https://api.telegram.org/bot8416661246:AAEb0d-g188-zJiiP54-3AQ85LpJLHl9RUw/getUpdates "HTTP/1.1 200 OK"
2026-02-21 20:01:21,237 - httpx - INFO - HTTP Request: POST https://api.telegram.org/bot8416661246:AAEb0d-g188-zJiiP54-3AQ85LpJLHl9RUw/getUpdates "HTTP/1.1 200 OK"
2026-02-21 20:01:31,422 - httpx - INFO - HTTP Request: POST https://api.telegram.org/bot8416661246:AAEb0d-g188-zJiiP54-3AQ85LpJLHl9RUw/getUpdates "HTTP/1.1 200 OK"
2026-02-21 20:01:41,603 - httpx - INFO - HTTP Request: POST https://api.telegram.org/bot8416661246:AAEb0d-g188-zJiiP54-3AQ85LpJLHl9RUw/getUpdates "HTTP/1.1 200 OK"
2026-02-21 20:01:51,789 - httpx - INFO - HTTP Request: POST https://api.telegram.org/bot8416661246:AAEb0d-g188-zJiiP54-3AQ85LpJLHl9RUw/getUpdates "HTTP/1.1 200 OK"
2026-02-21 20:02:01,983 - httpx - INFO - HTTP Request: POST https://api.telegram.org/bot8416661246:AAEb0d-g188-zJiiP54-3AQ85LpJLHl9RUw/getUpdates "HTTP/1.1 200 OK"
2026-02-21 20:02:12,176 - httpx - INFO - HTTP Request: POST https://api.telegram.org/bot8416661246:AAEb0d-g188-zJiiP54-3AQ85LpJLHl9RUw/getUpdates "HTTP/1.1 200 OK"
2026-02-21 20:02:22,369 - httpx - INFO - HTTP Request: POST https://api.telegram.org/bot8416661246:AAEb0d-g188-zJiiP54-3AQ85LpJLHl9RUw/getUpdates "HTTP/1.1 200 OK"
2026-02-21 20:02:32,555 - httpx - INFO - HTTP Request: POST https://api.telegram.org/bot8416661246:AAEb0d-g188-zJiiP54-3AQ85LpJLHl9RUw/getUpdates "HTTP/1.1 200 OK"
2026-02-21 20:02:42,730 - httpx - INFO - HTTP Request: POST https://api.telegram.org/bot8416661246:AAEb0d-g188-zJiiP54-3AQ85LpJLHl9RUw/getUpdates "HTTP/1.1 200 OK"
2026-02-21 20:02:52,907 - httpx - INFO - HTTP Request: POST https://api.telegram.org/bot8416661246:AAEb0d-g188-zJiiP54-3AQ85LpJLHl9RUw/getUpdates "HTTP/1.1 200 OK"
2026-02-21 20:03:03,833 - httpx - INFO - HTTP Request: POST https://api.telegram.org/bot8416661246:AAEb0d-g188-zJiiP54-3AQ85LpJLHl9RUw/getUpdates "HTTP/1.1 200 OK"
2026-02-21 20:03:14,033 - httpx - INFO - HTTP Request: POST https://api.telegram.org/bot8416661246:AAEb0d-g188-zJiiP54-3AQ85LpJLHl9RUw/getUpdates "HTTP/1.1 200 OK"
2026-02-21 20:03:24,222 - httpx - INFO - HTTP Request: POST https://api.telegram.org/bot8416661246:AAEb0d-g188-zJiiP54-3AQ85LpJLHl9RUw/getUpdates "HTTP/1.1 200 OK"
2026-02-21 20:03:34,417 - httpx - INFO - HTTP Request: POST https://api.telegram.org/bot8416661246:AAEb0d-g188-zJiiP54-3AQ85LpJLHl9RUw/getUpdates "HTTP/1.1 200 OK"
2026-02-21 20:03:44,619 - httpx - INFO - HTTP Request: POST https://api.telegram.org/bot8416661246:AAEb0d-g188-zJiiP54-3AQ85LpJLHl9RUw/getUpdates "HTTP/1.1 200 OK"
2026-02-21 20:03:54,821 - httpx - INFO - HTTP Request: POST https://api.telegram.org/bot8416661246:AAEb0d-g188-zJiiP54-3AQ85LpJLHl9RUw/getUpdates "HTTP/1.1 200 OK"
2026-02-21 20:04:05,005 - httpx - INFO - HTTP Request: POST https://api.telegram.org/bot8416661246:AAEb0d-g188-zJiiP54-3AQ85LpJLHl9RUw/getUpdates "HTTP/1.1 200 OK"
2026-02-21 20:04:15,186 - httpx - INFO - HTTP Request: POST https://api.telegram.org/bot8416661246:AAEb0d-g188-zJiiP54-3AQ85LpJLHl9RUw/getUpdates "HTTP/1.1 200 OK"
2026-02-21 20:04:25,384 - httpx - INFO - HTTP Request: POST https://api.telegram.org/bot8416661246:AAEb0d-g188-zJiiP54-3AQ85LpJLHl9RUw/getUpdates "HTTP/1.1 200 OK"
2026-02-21 20:04:35,554 - httpx - INFO - HTTP Request: POST https://api.telegram.org/bot8416661246:AAEb0d-g188-zJiiP54-3AQ85LpJLHl9RUw/getUpdates "HTTP/1.1 200 OK"
2026-02-21 20:04:45,740 - httpx - INFO - HTTP Request: POST https://api.telegram.org/bot8416661246:AAEb0d-g188-zJiiP54-3AQ85LpJLHl9RUw/getUpdates "HTTP/1.1 200 OK"
2026-02-21 20:04:56,079 - httpx - INFO - HTTP Request: POST https://api.telegram.org/bot8416661246:AAEb0d-g188-zJiiP54-3AQ85LpJLHl9RUw/getUpdates "HTTP/1.1 200 OK"
2026-02-21 20:05:06,262 - httpx - INFO - HTTP Request: POST https://api.telegram.org/bot8416661246:AAEb0d-g188-zJiiP54-3AQ85LpJLHl9RUw/getUpdates "HTTP/1.1 200 OK"
2026-02-21 20:05:16,445 - httpx - INFO - HTTP Request: POST https://api.telegram.org/bot8416661246:AAEb0d-g188-zJiiP54-3AQ85LpJLHl9RUw/getUpdates "HTTP/1.1 200 OK"
2026-02-21 20:05:26,620 - httpx - INFO - HTTP Request: POST https://api.telegram.org/bot8416661246:AAEb0d-g188-zJiiP54-3AQ85LpJLHl9RUw/getUpdates "HTTP/1.1 200 OK"
2026-02-21 20:05:36,805 - httpx - INFO - HTTP Request: POST https://api.telegram.org/bot8416661246:AAEb0d-g188-zJiiP54-3AQ85LpJLHl9RUw/getUpdates "HTTP/1.1 200 OK"
2026-02-21 20:05:47,003 - httpx - INFO - HTTP Request: POST https://api.telegram.org/bot8416661246:AAEb0d-g188-zJiiP54-3AQ85LpJLHl9RUw/getUpdates "HTTP/1.1 200 OK"
2026-02-21 20:05:57,191 - httpx - INFO - HTTP Request: POST https://api.telegram.org/bot8416661246:AAEb0d-g188-zJiiP54-3AQ85LpJLHl9RUw/getUpdates "HTTP/1.1 200 OK"
2026-02-21 20:06:07,371 - httpx - INFO - HTTP Request: POST https://api.telegram.org/bot8416661246:AAEb0d-g188-zJiiP54-3AQ85LpJLHl9RUw/getUpdates "HTTP/1.1 200 OK"
2026-02-21 20:06:17,549 - httpx - INFO - HTTP Request: POST https://api.telegram.org/bot8416661246:AAEb0d-g188-zJiiP54-3AQ85LpJLHl9RUw/getUpdates "HTTP/1.1 200 OK"
2026-02-21 20:06:27,770 - httpx - INFO - HTTP Request: POST https://api.telegram.org/bot8416661246:AAEb0d-g188-zJiiP54-3AQ85LpJLHl9RUw/getUpdates "HTTP/1.1 200 OK"
2026-02-21 20:06:37,950 - httpx - INFO - HTTP Request: POST https://api.telegram.org/bot8416661246:AAEb0d-g188-zJiiP54-3AQ85LpJLHl9RUw/getUpdates "HTTP/1.1 200 OK"
2026-02-21 20:06:48,134 - httpx - INFO - HTTP Request: POST https://api.telegram.org/bot8416661246:AAEb0d-g188-zJiiP54-3AQ85LpJLHl9RUw/getUpdates "HTTP/1.1 200 OK"
2026-02-21 20:06:58,320 - httpx - INFO - HTTP Request: POST https://api.telegram.org/bot8416661246:AAEb0d-g188-zJiiP54-3AQ85LpJLHl9RUw/getUpdates "HTTP/1.1 200 OK"
2026-02-21 20:07:08,524 - httpx - INFO - HTTP Request: POST https://api.telegram.org/bot8416661246:AAEb0d-g188-zJiiP54-3AQ85LpJLHl9RUw/getUpdates "HTTP/1.1 200 OK"
2026-02-21 20:07:18,721 - httpx - INFO - HTTP Request: POST https://api.telegram.org/bot8416661246:AAEb0d-g188-zJiiP54-3AQ85LpJLHl9RUw/getUpdates "HTTP/1.1 200 OK"
2026-02-21 20:07:28,948 - httpx - INFO - HTTP Request: POST https://api.telegram.org/bot8416661246:AAEb0d-g188-zJiiP54-3AQ85LpJLHl9RUw/getUpdates "HTTP/1.1 200 OK"
2026-02-21 20:07:39,128 - httpx - INFO - HTTP Request: POST https://api.telegram.org/bot8416661246:AAEb0d-g188-zJiiP54-3AQ85LpJLHl9RUw/getUpdates "HTTP/1.1 200 OK"
2026-02-21 20:07:49,308 - httpx - INFO - HTTP Request: POST https://api.telegram.org/bot8416661246:AAEb0d-g188-zJiiP54-3AQ85LpJLHl9RUw/getUpdates "HTTP/1.1 200 OK"
2026-02-21 20:07:59,486 - httpx - INFO - HTTP Request: POST https://api.telegram.org/bot8416661246:AAEb0d-g188-zJiiP54-3AQ85LpJLHl9RUw/getUpdates "HTTP/1.1 200 OK"
2026-02-21 20:08:09,678 - httpx - INFO - HTTP Request: POST https://api.telegram.org/bot8416661246:AAEb0d-g188-zJiiP54-3AQ85LpJLHl9RUw/getUpdates "HTTP/1.1 200 OK"
2026-02-21 20:08:19,864 - httpx - INFO - HTTP Request: POST https://api.telegram.org/bot8416661246:AAEb0d-g188-zJiiP54-3AQ85LpJLHl9RUw/getUpdates "HTTP/1.1 200 OK"
2026-02-21 20:08:30,040 - httpx - INFO - HTTP Request: POST https://api.telegram.org/bot8416661246:AAEb0d-g188-zJiiP54-3AQ85LpJLHl9RUw/getUpdates "HTTP/1.1 200 OK"
2026-02-21 20:08:40,246 - httpx - INFO - HTTP Request: POST https://api.telegram.org/bot8416661246:AAEb0d-g188-zJiiP54-3AQ85LpJLHl9RUw/getUpdates "HTTP/1.1 200 OK"
2026-02-21 20:08:50,423 - httpx - INFO - HTTP Request: POST https://api.telegram.org/bot8416661246:AAEb0d-g188-zJiiP54-3AQ85LpJLHl9RUw/getUpdates "HTTP/1.1 200 OK"
2026-02-21 20:09:00,609 - httpx - INFO - HTTP Request: POST https://api.telegram.org/bot8416661246:AAEb0d-g188-zJiiP54-3AQ85LpJLHl9RUw/getUpdates "HTTP/1.1 200 OK"
2026-02-21 20:09:10,979 - httpx - INFO - HTTP Request: POST https://api.telegram.org/bot8416661246:AAEb0d-g188-zJiiP54-3AQ85LpJLHl9RUw/getUpdates "HTTP/1.1 200 OK"
2026-02-21 20:09:21,156 - httpx - INFO - HTTP Request: POST https://api.telegram.org/bot8416661246:AAEb0d-g188-zJiiP54-3AQ85LpJLHl9RUw/getUpdates "HTTP/1.1 200 OK"
2026-02-21 20:09:31,325 - httpx - INFO - HTTP Request: POST https://api.telegram.org/bot8416661246:AAEb0d-g188-zJiiP54-3AQ85LpJLHl9RUw/getUpdates "HTTP/1.1 200 OK"
2026-02-21 20:09:41,514 - httpx - INFO - HTTP Request: POST https://api.telegram.org/bot8416661246:AAEb0d-g188-zJiiP54-3AQ85LpJLHl9RUw/getUpdates "HTTP/1.1 200 OK"
2026-02-21 20:09:51,691 - httpx - INFO - HTTP Request: POST https://api.telegram.org/bot8416661246:AAEb0d-g188-zJiiP54-3AQ85LpJLHl9RUw/getUpdates "HTTP/1.1 200 OK"
2026-02-21 20:10:01,876 - httpx - INFO - HTTP Request: POST https://api.telegram.org/bot8416661246:AAEb0d-g188-zJiiP54-3AQ85LpJLHl9RUw/getUpdates "HTTP/1.1 200 OK"
2026-02-21 20:10:12,054 - httpx - INFO - HTTP Request: POST https://api.telegram.org/bot8416661246:AAEb0d-g188-zJiiP54-3AQ85LpJLHl9RUw/getUpdates "HTTP/1.1 200 OK"
2026-02-21 20:10:22,237 - httpx - INFO - HTTP Request: POST https://api.telegram.org/bot8416661246:AAEb0d-g188-zJiiP54-3AQ85LpJLHl9RUw/getUpdates "HTTP/1.1 200 OK"
2026-02-21 20:10:32,430 - httpx - INFO - HTTP Request: POST https://api.telegram.org/bot8416661246:AAEb0d-g188-zJiiP54-3AQ85LpJLHl9RUw/getUpdates "HTTP/1.1 200 OK"
2026-02-21 20:10:42,642 - httpx - INFO - HTTP Request: POST https://api.telegram.org/bot8416661246:AAEb0d-g188-zJiiP54-3AQ85LpJLHl9RUw/getUpdates "HTTP/1.1 200 OK"
2026-02-21 20:10:52,820 - httpx - INFO - HTTP Request: POST https://api.telegram.org/bot8416661246:AAEb0d-g188-zJiiP54-3AQ85LpJLHl9RUw/getUpdates "HTTP/1.1 200 OK"
2026-02-21 20:11:02,991 - httpx - INFO - HTTP Request: POST https://api.telegram.org/bot8416661246:AAEb0d-g188-zJiiP54-3AQ85LpJLHl9RUw/getUpdates "HTTP/1.1 200 OK"
2026-02-21 20:11:13,163 - httpx - INFO - HTTP Request: POST https://api.telegram.org/bot8416661246:AAEb0d-g188-zJiiP54-3AQ85LpJLHl9RUw/getUpdates "HTTP/1.1 200 OK"
2026-02-21 20:11:23,355 - httpx - INFO - HTTP Request: POST https://api.telegram.org/bot8416661246:AAEb0d-g188-zJiiP54-3AQ85LpJLHl9RUw/getUpdates "HTTP/1.1 200 OK"
2026-02-21 20:11:33,536 - httpx - INFO - HTTP Request: POST https://api.telegram.org/bot8416661246:AAEb0d-g188-zJiiP54-3AQ85LpJLHl9RUw/getUpdates "HTTP/1.1 200 OK"
2026-02-21 20:11:43,816 - httpx - INFO - HTTP Request: POST https://api.telegram.org/bot8416661246:AAEb0d-g188-zJiiP54-3AQ85LpJLHl9RUw/getUpdates "HTTP/1.1 200 OK"
2026-02-21 20:11:53,995 - httpx - INFO - HTTP Request: POST https://api.telegram.org/bot8416661246:AAEb0d-g188-zJiiP54-3AQ85LpJLHl9RUw/getUpdates "HTTP/1.1 200 OK"
2026-02-21 20:12:04,180 - httpx - INFO - HTTP Request: POST https://api.telegram.org/bot8416661246:AAEb0d-g188-zJiiP54-3AQ85LpJLHl9RUw/getUpdates "HTTP/1.1 200 OK"
2026-02-21 20:12:14,335 - httpx - INFO - HTTP Request: POST https://api.telegram.org/bot8416661246:AAEb0d-g188-zJiiP54-3AQ85LpJLHl9RUw/getUpdates "HTTP/1.1 200 OK"
2026-02-21 20:12:24,512 - httpx - INFO - HTTP Request: POST https://api.telegram.org/bot8416661246:AAEb0d-g188-zJiiP54-3AQ85LpJLHl9RUw/getUpdates "HTTP/1.1 200 OK"
2026-02-21 20:12:34,677 - httpx - INFO - HTTP Request: POST https://api.telegram.org/bot8416661246:AAEb0d-g188-zJiiP54-3AQ85LpJLHl9RUw/getUpdates "HTTP/1.1 200 OK"
2026-02-21 20:12:44,866 - httpx - INFO - HTTP Request: POST https://api.telegram.org/bot8416661246:AAEb0d-g188-zJiiP54-3AQ85LpJLHl9RUw/getUpdates "HTTP/1.1 200 OK"
2026-02-21 20:12:55,056 - httpx - INFO - HTTP Request: POST https://api.telegram.org/bot8416661246:AAEb0d-g188-zJiiP54-3AQ85LpJLHl9RUw/getUpdates "HTTP/1.1 200 OK"
2026-02-21 20:13:05,254 - httpx - INFO - HTTP Request: POST https://api.telegram.org/bot8416661246:AAEb0d-g188-zJiiP54-3AQ85LpJLHl9RUw/getUpdates "HTTP/1.1 200 OK"
2026-02-21 20:13:15,482 - httpx - INFO - HTTP Request: POST https://api.telegram.org/bot8416661246:AAEb0d-g188-zJiiP54-3AQ85LpJLHl9RUw/getUpdates "HTTP/1.1 200 OK"
2026-02-21 20:13:25,651 - httpx - INFO - HTTP Request: POST https://api.telegram.org/bot8416661246:AAEb0d-g188-zJiiP54-3AQ85LpJLHl9RUw/getUpdates "HTTP/1.1 200 OK"
2026-02-21 20:13:35,833 - httpx - INFO - HTTP Request: POST https://api.telegram.org/bot8416661246:AAEb0d-g188-zJiiP54-3AQ85LpJLHl9RUw/getUpdates "HTTP/1.1 200 OK"
2026-02-21 20:13:46,000 - httpx - INFO - HTTP Request: POST https://api.telegram.org/bot8416661246:AAEb0d-g188-zJiiP54-3AQ85LpJLHl9RUw/getUpdates "HTTP/1.1 200 OK"
2026-02-21 20:13:56,181 - httpx - INFO - HTTP Request: POST https://api.telegram.org/bot8416661246:AAEb0d-g188-zJiiP54-3AQ85LpJLHl9RUw/getUpdates "HTTP/1.1 200 OK"
2026-02-21 20:14:06,412 - httpx - INFO - HTTP Request: POST https://api.telegram.org/bot8416661246:AAEb0d-g188-zJiiP54-3AQ85LpJLHl9RUw/getUpdates "HTTP/1.1 200 OK"
2026-02-21 20:14:16,589 - httpx - INFO - HTTP Request: POST https://api.telegram.org/bot8416661246:AAEb0d-g188-zJiiP54-3AQ85LpJLHl9RUw/getUpdates "HTTP/1.1 200 OK"
2026-02-21 20:14:26,767 - httpx - INFO - HTTP Request: POST https://api.telegram.org/bot8416661246:AAEb0d-g188-zJiiP54-3AQ85LpJLHl9RUw/getUpdates "HTTP/1.1 200 OK"
2026-02-21 20:14:36,947 - httpx - INFO - HTTP Request: POST https://api.telegram.org/bot8416661246:AAEb0d-g188-zJiiP54-3AQ85LpJLHl9RUw/getUpdates "HTTP/1.1 200 OK"
2026-02-21 20:14:47,112 - httpx - INFO - HTTP Request: POST https://api.telegram.org/bot8416661246:AAEb0d-g188-zJiiP54-3AQ85LpJLHl9RUw/getUpdates "HTTP/1.1 200 OK"
2026-02-21 20:14:57,302 - httpx - INFO - HTTP Request: POST https://api.telegram.org/bot8416661246:AAEb0d-g188-zJiiP54-3AQ85LpJLHl9RUw/getUpdates "HTTP/1.1 200 OK"
2026-02-21 20:15:07,462 - httpx - INFO - HTTP Request: POST https://api.telegram.org/bot8416661246:AAEb0d-g188-zJiiP54-3AQ85LpJLHl9RUw/getUpdates "HTTP/1.1 200 OK"
2026-02-21 20:15:17,623 - httpx - INFO - HTTP Request: POST https://api.telegram.org/bot8416661246:AAEb0d-g188-zJiiP54-3AQ85LpJLHl9RUw/getUpdates "HTTP/1.1 200 OK"
2026-02-21 20:15:27,788 - httpx - INFO - HTTP Request: POST https://api.telegram.org/bot8416661246:AAEb0d-g188-zJiiP54-3AQ85LpJLHl9RUw/getUpdates "HTTP/1.1 200 OK"
2026-02-21 20:15:37,962 - httpx - INFO - HTTP Request: POST https://api.telegram.org/bot8416661246:AAEb0d-g188-zJiiP54-3AQ85LpJLHl9RUw/getUpdates "HTTP/1.1 200 OK"
2026-02-21 20:15:48,140 - httpx - INFO - HTTP Request: POST https://api.telegram.org/bot8416661246:AAEb0d-g188-zJiiP54-3AQ85LpJLHl9RUw/getUpdates "HTTP/1.1 200 OK"
2026-02-21 20:15:58,317 - httpx - INFO - HTTP Request: POST https://api.telegram.org/bot8416661246:AAEb0d-g188-zJiiP54-3AQ85LpJLHl9RUw/getUpdates "HTTP/1.1 200 OK"
2026-02-21 20:16:08,492 - httpx - INFO - HTTP Request: POST https://api.telegram.org/bot8416661246:AAEb0d-g188-zJiiP54-3AQ85LpJLHl9RUw/getUpdates "HTTP/1.1 200 OK"
2026-02-21 20:16:18,651 - httpx - INFO - HTTP Request: POST https://api.telegram.org/bot8416661246:AAEb0d-g188-zJiiP54-3AQ85LpJLHl9RUw/getUpdates "HTTP/1.1 200 OK"
2026-02-21 20:16:28,829 - httpx - INFO - HTTP Request: POST https://api.telegram.org/bot8416661246:AAEb0d-g188-zJiiP54-3AQ85LpJLHl9RUw/getUpdates "HTTP/1.1 200 OK"
2026-02-21 20:16:39,015 - httpx - INFO - HTTP Request: POST https://api.telegram.org/bot8416661246:AAEb0d-g188-zJiiP54-3AQ85LpJLHl9RUw/getUpdates "HTTP/1.1 200 OK"
2026-02-21 20:16:49,175 - httpx - INFO - HTTP Request: POST https://api.telegram.org/bot8416661246:AAEb0d-g188-zJiiP54-3AQ85LpJLHl9RUw/getUpdates "HTTP/1.1 200 OK"
2026-02-21 20:16:59,400 - httpx - INFO - HTTP Request: POST https://api.telegram.org/bot8416661246:AAEb0d-g188-zJiiP54-3AQ85LpJLHl9RUw/getUpdates "HTTP/1.1 200 OK"
2026-02-21 20:17:09,589 - httpx - INFO - HTTP Request: POST https://api.telegram.org/bot8416661246:AAEb0d-g188-zJiiP54-3AQ85LpJLHl9RUw/getUpdates "HTTP/1.1 200 OK"
2026-02-21 20:17:19,758 - httpx - INFO - HTTP Request: POST https://api.telegram.org/bot8416661246:AAEb0d-g188-zJiiP54-3AQ85LpJLHl9RUw/getUpdates "HTTP/1.1 200 OK"
2026-02-21 20:17:29,944 - httpx - INFO - HTTP Request: POST https://api.telegram.org/bot8416661246:AAEb0d-g188-zJiiP54-3AQ85LpJLHl9RUw/getUpdates "HTTP/1.1 200 OK"
2026-02-21 20:17:40,150 - httpx - INFO - HTTP Request: POST https://api.telegram.org/bot8416661246:AAEb0d-g188-zJiiP54-3AQ85LpJLHl9RUw/getUpdates "HTTP/1.1 200 OK"
2026-02-21 20:17:50,342 - httpx - INFO - HTTP Request: POST https://api.telegram.org/bot8416661246:AAEb0d-g188-zJiiP54-3AQ85LpJLHl9RUw/getUpdates "HTTP/1.1 200 OK"
2026-02-21 20:18:00,550 - httpx - INFO - HTTP Request: POST https://api.telegram.org/bot8416661246:AAEb0d-g188-zJiiP54-3AQ85LpJLHl9RUw/getUpdates "HTTP/1.1 200 OK"
2026-02-21 20:18:10,743 - httpx - INFO - HTTP Request: POST https://api.telegram.org/bot8416661246:AAEb0d-g188-zJiiP54-3AQ85LpJLHl9RUw/getUpdates "HTTP/1.1 200 OK"
2026-02-21 20:18:20,925 - httpx - INFO - HTTP Request: POST https://api.telegram.org/bot8416661246:AAEb0d-g188-zJiiP54-3AQ85LpJLHl9RUw/getUpdates "HTTP/1.1 200 OK"
2026-02-21 20:18:31,109 - httpx - INFO - HTTP Request: POST https://api.telegram.org/bot8416661246:AAEb0d-g188-zJiiP54-3AQ85LpJLHl9RUw/getUpdates "HTTP/1.1 200 OK"
2026-02-21 20:18:41,284 - httpx - INFO - HTTP Request: POST https://api.telegram.org/bot8416661246:AAEb0d-g188-zJiiP54-3AQ85LpJLHl9RUw/getUpdates "HTTP/1.1 200 OK"
2026-02-21 20:18:51,464 - httpx - INFO - HTTP Request: POST https://api.telegram.org/bot8416661246:AAEb0d-g188-zJiiP54-3AQ85LpJLHl9RUw/getUpdates "HTTP/1.1 200 OK"
2026-02-21 20:19:01,625 - httpx - INFO - HTTP Request: POST https://api.telegram.org/bot8416661246:AAEb0d-g188-zJiiP54-3AQ85LpJLHl9RUw/getUpdates "HTTP/1.1 200 OK"
2026-02-21 20:19:11,807 - httpx - INFO - HTTP Request: POST https://api.telegram.org/bot8416661246:AAEb0d-g188-zJiiP54-3AQ85LpJLHl9RUw/getUpdates "HTTP/1.1 200 OK"
2026-02-21 20:19:21,989 - httpx - INFO - HTTP Request: POST https://api.telegram.org/bot8416661246:AAEb0d-g188-zJiiP54-3AQ85LpJLHl9RUw/getUpdates "HTTP/1.1 200 OK"
2026-02-21 20:19:32,186 - httpx - INFO - HTTP Request: POST https://api.telegram.org/bot8416661246:AAEb0d-g188-zJiiP54-3AQ85LpJLHl9RUw/getUpdates "HTTP/1.1 200 OK"
2026-02-21 20:19:42,366 - httpx - INFO - HTTP Request: POST https://api.telegram.org/bot8416661246:AAEb0d-g188-zJiiP54-3AQ85LpJLHl9RUw/getUpdates "HTTP/1.1 200 OK"
2026-02-21 20:19:52,545 - httpx - INFO - HTTP Request: POST https://api.telegram.org/bot8416661246:AAEb0d-g188-zJiiP54-3AQ85LpJLHl9RUw/getUpdates "HTTP/1.1 200 OK"
2026-02-21 20:20:05,500 - httpx - INFO - HTTP Request: POST https://api.telegram.org/bot8416661246:AAEb0d-g188-zJiiP54-3AQ85LpJLHl9RUw/getUpdates "HTTP/1.1 200 OK"
2026-02-21 20:20:15,669 - httpx - INFO - HTTP Request: POST https://api.telegram.org/bot8416661246:AAEb0d-g188-zJiiP54-3AQ85LpJLHl9RUw/getUpdates "HTTP/1.1 200 OK"
2026-02-21 20:20:25,847 - httpx - INFO - HTTP Request: POST https://api.telegram.org/bot8416661246:AAEb0d-g188-zJiiP54-3AQ85LpJLHl9RUw/getUpdates "HTTP/1.1 200 OK"
2026-02-21 20:20:36,023 - httpx - INFO - HTTP Request: POST https://api.telegram.org/bot8416661246:AAEb0d-g188-zJiiP54-3AQ85LpJLHl9RUw/getUpdates "HTTP/1.1 200 OK"
2026-02-21 20:20:46,200 - httpx - INFO - HTTP Request: POST https://api.telegram.org/bot8416661246:AAEb0d-g188-zJiiP54-3AQ85LpJLHl9RUw/getUpdates "HTTP/1.1 200 OK"
2026-02-21 20:20:56,365 - httpx - INFO - HTTP Request: POST https://api.telegram.org/bot8416661246:AAEb0d-g188-zJiiP54-3AQ85LpJLHl9RUw/getUpdates "HTTP/1.1 200 OK"
2026-02-21 20:21:06,541 - httpx - INFO - HTTP Request: POST https://api.telegram.org/bot8416661246:AAEb0d-g188-zJiiP54-3AQ85LpJLHl9RUw/getUpdates "HTTP/1.1 200 OK"
2026-02-21 20:21:16,702 - httpx - INFO - HTTP Request: POST https://api.telegram.org/bot8416661246:AAEb0d-g188-zJiiP54-3AQ85LpJLHl9RUw/getUpdates "HTTP/1.1 200 OK"
2026-02-21 20:21:26,878 - httpx - INFO - HTTP Request: POST https://api.telegram.org/bot8416661246:AAEb0d-g188-zJiiP54-3AQ85LpJLHl9RUw/getUpdates "HTTP/1.1 200 OK"
2026-02-21 20:21:37,075 - httpx - INFO - HTTP Request: POST https://api.telegram.org/bot8416661246:AAEb0d-g188-zJiiP54-3AQ85LpJLHl9RUw/getUpdates "HTTP/1.1 200 OK"
2026-02-21 20:21:47,286 - httpx - INFO - HTTP Request: POST https://api.telegram.org/bot8416661246:AAEb0d-g188-zJiiP54-3AQ85LpJLHl9RUw/getUpdates "HTTP/1.1 200 OK"
2026-02-21 20:21:57,464 - httpx - INFO - HTTP Request: POST https://api.telegram.org/bot8416661246:AAEb0d-g188-zJiiP54-3AQ85LpJLHl9RUw/getUpdates "HTTP/1.1 200 OK"
2026-02-21 20:22:07,676 - httpx - INFO - HTTP Request: POST https://api.telegram.org/bot8416661246:AAEb0d-g188-zJiiP54-3AQ85LpJLHl9RUw/getUpdates "HTTP/1.1 200 OK"
2026-02-21 20:22:17,857 - httpx - INFO - HTTP Request: POST https://api.telegram.org/bot8416661246:AAEb0d-g188-zJiiP54-3AQ85LpJLHl9RUw/getUpdates "HTTP/1.1 200 OK"
2026-02-21 20:22:28,026 - httpx - INFO - HTTP Request: POST https://api.telegram.org/bot8416661246:AAEb0d-g188-zJiiP54-3AQ85LpJLHl9RUw/getUpdates "HTTP/1.1 200 OK"
2026-02-21 20:22:38,186 - httpx - INFO - HTTP Request: POST https://api.telegram.org/bot8416661246:AAEb0d-g188-zJiiP54-3AQ85LpJLHl9RUw/getUpdates "HTTP/1.1 200 OK"
2026-02-21 20:22:48,365 - httpx - INFO - HTTP Request: POST https://api.telegram.org/bot8416661246:AAEb0d-g188-zJiiP54-3AQ85LpJLHl9RUw/getUpdates "HTTP/1.1 200 OK"
2026-02-21 20:22:58,541 - httpx - INFO - HTTP Request: POST https://api.telegram.org/bot8416661246:AAEb0d-g188-zJiiP54-3AQ85LpJLHl9RUw/getUpdates "HTTP/1.1 200 OK"
2026-02-21 20:23:08,719 - httpx - INFO - HTTP Request: POST https://api.telegram.org/bot8416661246:AAEb0d-g188-zJiiP54-3AQ85LpJLHl9RUw/getUpdates "HTTP/1.1 200 OK"
2026-02-21 20:23:18,876 - httpx - INFO - HTTP Request: POST https://api.telegram.org/bot8416661246:AAEb0d-g188-zJiiP54-3AQ85LpJLHl9RUw/getUpdates "HTTP/1.1 200 OK"
2026-02-21 20:23:29,048 - httpx - INFO - HTTP Request: POST https://api.telegram.org/bot8416661246:AAEb0d-g188-zJiiP54-3AQ85LpJLHl9RUw/getUpdates "HTTP/1.1 200 OK"
2026-02-21 20:23:39,208 - httpx - INFO - HTTP Request: POST https://api.telegram.org/bot8416661246:AAEb0d-g188-zJiiP54-3AQ85LpJLHl9RUw/getUpdates "HTTP/1.1 200 OK"
2026-02-21 20:23:49,405 - httpx - INFO - HTTP Request: POST https://api.telegram.org/bot8416661246:AAEb0d-g188-zJiiP54-3AQ85LpJLHl9RUw/getUpdates "HTTP/1.1 200 OK"
2026-02-21 20:23:59,564 - httpx - INFO - HTTP Request: POST https://api.telegram.org/bot8416661246:AAEb0d-g188-zJiiP54-3AQ85LpJLHl9RUw/getUpdates "HTTP/1.1 200 OK"
2026-02-21 20:24:09,737 - httpx - INFO - HTTP Request: POST https://api.telegram.org/bot8416661246:AAEb0d-g188-zJiiP54-3AQ85LpJLHl9RUw/getUpdates "HTTP/1.1 200 OK"
2026-02-21 20:24:19,908 - httpx - INFO - HTTP Request: POST https://api.telegram.org/bot8416661246:AAEb0d-g188-zJiiP54-3AQ85LpJLHl9RUw/getUpdates "HTTP/1.1 200 OK"
2026-02-21 20:24:30,090 - httpx - INFO - HTTP Request: POST https://api.telegram.org/bot8416661246:AAEb0d-g188-zJiiP54-3AQ85LpJLHl9RUw/getUpdates "HTTP/1.1 200 OK"
2026-02-21 20:24:40,258 - httpx - INFO - HTTP Request: POST https://api.telegram.org/bot8416661246:AAEb0d-g188-zJiiP54-3AQ85LpJLHl9RUw/getUpdates "HTTP/1.1 200 OK"
2026-02-21 20:24:50,423 - httpx - INFO - HTTP Request: POST https://api.telegram.org/bot8416661246:AAEb0d-g188-zJiiP54-3AQ85LpJLHl9RUw/getUpdates "HTTP/1.1 200 OK"
2026-02-21 20:25:00,657 - httpx - INFO - HTTP Request: POST https://api.telegram.org/bot8416661246:AAEb0d-g188-zJiiP54-3AQ85LpJLHl9RUw/getUpdates "HTTP/1.1 200 OK"
2026-02-21 20:25:10,835 - httpx - INFO - HTTP Request: POST https://api.telegram.org/bot8416661246:AAEb0d-g188-zJiiP54-3AQ85LpJLHl9RUw/getUpdates "HTTP/1.1 200 OK"
2026-02-21 20:25:20,996 - httpx - INFO - HTTP Request: POST https://api.telegram.org/bot8416661246:AAEb0d-g188-zJiiP54-3AQ85LpJLHl9RUw/getUpdates "HTTP/1.1 200 OK"
2026-02-21 20:25:31,195 - httpx - INFO - HTTP Request: POST https://api.telegram.org/bot8416661246:AAEb0d-g188-zJiiP54-3AQ85LpJLHl9RUw/getUpdates "HTTP/1.1 200 OK"
2026-02-21 20:25:41,369 - httpx - INFO - HTTP Request: POST https://api.telegram.org/bot8416661246:AAEb0d-g188-zJiiP54-3AQ85LpJLHl9RUw/getUpdates "HTTP/1.1 200 OK"
2026-02-21 20:25:51,534 - httpx - INFO - HTTP Request: POST https://api.telegram.org/bot8416661246:AAEb0d-g188-zJiiP54-3AQ85LpJLHl9RUw/getUpdates "HTTP/1.1 200 OK"
2026-02-21 20:26:01,727 - httpx - INFO - HTTP Request: POST https://api.telegram.org/bot8416661246:AAEb0d-g188-zJiiP54-3AQ85LpJLHl9RUw/getUpdates "HTTP/1.1 200 OK"
2026-02-21 20:26:11,906 - httpx - INFO - HTTP Request: POST https://api.telegram.org/bot8416661246:AAEb0d-g188-zJiiP54-3AQ85LpJLHl9RUw/getUpdates "HTTP/1.1 200 OK"
2026-02-21 20:26:22,083 - httpx - INFO - HTTP Request: POST https://api.telegram.org/bot8416661246:AAEb0d-g188-zJiiP54-3AQ85LpJLHl9RUw/getUpdates "HTTP/1.1 200 OK"
2026-02-21 20:26:32,285 - httpx - INFO - HTTP Request: POST https://api.telegram.org/bot8416661246:AAEb0d-g188-zJiiP54-3AQ85LpJLHl9RUw/getUpdates "HTTP/1.1 200 OK"
2026-02-21 20:26:42,476 - httpx - INFO - HTTP Request: POST https://api.telegram.org/bot8416661246:AAEb0d-g188-zJiiP54-3AQ85LpJLHl9RUw/getUpdates "HTTP/1.1 200 OK"
2026-02-21 20:26:52,667 - httpx - INFO - HTTP Request: POST https://api.telegram.org/bot8416661246:AAEb0d-g188-zJiiP54-3AQ85LpJLHl9RUw/getUpdates "HTTP/1.1 200 OK"
2026-02-21 20:27:02,832 - httpx - INFO - HTTP Request: POST https://api.telegram.org/bot8416661246:AAEb0d-g188-zJiiP54-3AQ85LpJLHl9RUw/getUpdates "HTTP/1.1 200 OK"
2026-02-21 20:27:06,771 - httpx - INFO - HTTP Request: POST https://api.telegram.org/bot8416661246:AAEb0d-g188-zJiiP54-3AQ85LpJLHl9RUw/getUpdates "HTTP/1.1 409 Conflict"
2026-02-21 20:27:06,809 - telegram.ext.Application - ERROR - No error handlers are registered, logging exception.
Traceback (most recent call last):
  File "C:\Users\Hanieh\AppData\Roaming\Python\Python313\site-packages\telegram\ext\_updater.py", line 753, in _network_loop_retry
    if not await do_action():
           ^^^^^^^^^^^^^^^^^
  File "C:\Users\Hanieh\AppData\Roaming\Python\Python313\site-packages\telegram\ext\_updater.py", line 747, in do_action
    return action_cb_task.result()
           ~~~~~~~~~~~~~~~~~~~~~^^
  File "C:\Users\Hanieh\AppData\Roaming\Python\Python313\site-packages\telegram\ext\_updater.py", line 377, in polling_action_cb
    updates = await self.bot.get_updates(
              ^^^^^^^^^^^^^^^^^^^^^^^^^^^
    ...<7 lines>...
    )
    ^
  File "C:\Users\Hanieh\AppData\Roaming\Python\Python313\site-packages\telegram\ext\_extbot.py", line 649, in get_updates
    updates = await super().get_updates(
              ^^^^^^^^^^^^^^^^^^^^^^^^^^
    ...<9 lines>...
    )
    ^
  File "C:\Users\Hanieh\AppData\Roaming\Python\Python313\site-packages\telegram\_bot.py", line 4366, in get_updates
    await self._post(
    ^^^^^^^^^^^^^^^^^
    ...<7 lines>...
    ),
    ^
  File "C:\Users\Hanieh\AppData\Roaming\Python\Python313\site-packages\telegram\_bot.py", line 623, in _post
    return await self._do_post(
           ^^^^^^^^^^^^^^^^^^^^
    ...<6 lines>...
    )
    ^
  File "C:\Users\Hanieh\AppData\Roaming\Python\Python313\site-packages\telegram\ext\_extbot.py", line 355, in _do_post
    return await super()._do_post(
           ^^^^^^^^^^^^^^^^^^^^^^^
    ...<6 lines>...
    )
    ^
  File "C:\Users\Hanieh\AppData\Roaming\Python\Python313\site-packages\telegram\_bot.py", line 652, in _do_post
    result = await request.post(
             ^^^^^^^^^^^^^^^^^^^
    ...<6 lines>...
    )
    ^
  File "C:\Users\Hanieh\AppData\Roaming\Python\Python313\site-packages\telegram\request\_baserequest.py", line 201, in post
    result = await self._request_wrapper(
             ^^^^^^^^^^^^^^^^^^^^^^^^^^^^
    ...<7 lines>...
    )
    ^
  File "C:\Users\Hanieh\AppData\Roaming\Python\Python313\site-packages\telegram\request\_baserequest.py", line 384, in _request_wrapper
    raise Conflict(message)
telegram.error.Conflict: Conflict: terminated by setWebhook request
2026-02-21 20:27:11,012 - httpx - INFO - HTTP Request: POST https://api.telegram.org/bot8416661246:AAEb0d-g188-zJiiP54-3AQ85LpJLHl9RUw/getUpdates "HTTP/1.1 409 Conflict"
2026-02-21 20:27:11,015 - telegram.ext.Application - ERROR - No error handlers are registered, logging exception.
Traceback (most recent call last):
  File "C:\Users\Hanieh\AppData\Roaming\Python\Python313\site-packages\telegram\ext\_updater.py", line 753, in _network_loop_retry
    if not await do_action():
           ^^^^^^^^^^^^^^^^^
  File "C:\Users\Hanieh\AppData\Roaming\Python\Python313\site-packages\telegram\ext\_updater.py", line 747, in do_action
    return action_cb_task.result()
           ~~~~~~~~~~~~~~~~~~~~~^^
  File "C:\Users\Hanieh\AppData\Roaming\Python\Python313\site-packages\telegram\ext\_updater.py", line 377, in polling_action_cb
    updates = await self.bot.get_updates(
              ^^^^^^^^^^^^^^^^^^^^^^^^^^^
    ...<7 lines>...
    )
    ^
  File "C:\Users\Hanieh\AppData\Roaming\Python\Python313\site-packages\telegram\ext\_extbot.py", line 649, in get_updates
    updates = await super().get_updates(
              ^^^^^^^^^^^^^^^^^^^^^^^^^^
    ...<9 lines>...
    )
    ^
  File "C:\Users\Hanieh\AppData\Roaming\Python\Python313\site-packages\telegram\_bot.py", line 4366, in get_updates
    await self._post(
    ^^^^^^^^^^^^^^^^^
    ...<7 lines>...
    ),
    ^
  File "C:\Users\Hanieh\AppData\Roaming\Python\Python313\site-packages\telegram\_bot.py", line 623, in _post
    return await self._do_post(
           ^^^^^^^^^^^^^^^^^^^^
    ...<6 lines>...
    )
    ^
  File "C:\Users\Hanieh\AppData\Roaming\Python\Python313\site-packages\telegram\ext\_extbot.py", line 355, in _do_post
    return await super()._do_post(
           ^^^^^^^^^^^^^^^^^^^^^^^
    ...<6 lines>...
    )
    ^
  File "C:\Users\Hanieh\AppData\Roaming\Python\Python313\site-packages\telegram\_bot.py", line 652, in _do_post
    result = await request.post(
             ^^^^^^^^^^^^^^^^^^^
    ...<6 lines>...
    )
    ^
  File "C:\Users\Hanieh\AppData\Roaming\Python\Python313\site-packages\telegram\request\_baserequest.py", line 201, in post
    result = await self._request_wrapper(
             ^^^^^^^^^^^^^^^^^^^^^^^^^^^^
    ...<7 lines>...
    )
    ^
  File "C:\Users\Hanieh\AppData\Roaming\Python\Python313\site-packages\telegram\request\_baserequest.py", line 384, in _request_wrapper
    raise Conflict(message)
telegram.error.Conflict: Conflict: can't use getUpdates method while webhook is active; use deleteWebhook to delete the webhook first
2026-02-21 20:27:12,771 - httpx - INFO - HTTP Request: POST https://api.telegram.org/bot8416661246:AAEb0d-g188-zJiiP54-3AQ85LpJLHl9RUw/getUpdates "HTTP/1.1 409 Conflict"
2026-02-21 20:27:12,779 - telegram.ext.Application - ERROR - No error handlers are registered, logging exception.
Traceback (most recent call last):
  File "C:\Users\Hanieh\AppData\Roaming\Python\Python313\site-packages\telegram\ext\_updater.py", line 753, in _network_loop_retry
    if not await do_action():
           ^^^^^^^^^^^^^^^^^
  File "C:\Users\Hanieh\AppData\Roaming\Python\Python313\site-packages\telegram\ext\_updater.py", line 747, in do_action
    return action_cb_task.result()
           ~~~~~~~~~~~~~~~~~~~~~^^
  File "C:\Users\Hanieh\AppData\Roaming\Python\Python313\site-packages\telegram\ext\_updater.py", line 377, in polling_action_cb
    updates = await self.bot.get_updates(
              ^^^^^^^^^^^^^^^^^^^^^^^^^^^
    ...<7 lines>...
    )
    ^
  File "C:\Users\Hanieh\AppData\Roaming\Python\Python313\site-packages\telegram\ext\_extbot.py", line 649, in get_updates
    updates = await super().get_updates(
              ^^^^^^^^^^^^^^^^^^^^^^^^^^
    ...<9 lines>...
    )
    ^
  File "C:\Users\Hanieh\AppData\Roaming\Python\Python313\site-packages\telegram\_bot.py", line 4366, in get_updates
    await self._post(
    ^^^^^^^^^^^^^^^^^
    ...<7 lines>...
    ),
    ^
  File "C:\Users\Hanieh\AppData\Roaming\Python\Python313\site-packages\telegram\_bot.py", line 623, in _post
    return await self._do_post(
           ^^^^^^^^^^^^^^^^^^^^
    ...<6 lines>...
    )
    ^
  File "C:\Users\Hanieh\AppData\Roaming\Python\Python313\site-packages\telegram\ext\_extbot.py", line 355, in _do_post
    return await super()._do_post(
           ^^^^^^^^^^^^^^^^^^^^^^^
    ...<6 lines>...
    )
    ^
  File "C:\Users\Hanieh\AppData\Roaming\Python\Python313\site-packages\telegram\_bot.py", line 652, in _do_post
    result = await request.post(
             ^^^^^^^^^^^^^^^^^^^
    ...<6 lines>...
    )
    ^
  File "C:\Users\Hanieh\AppData\Roaming\Python\Python313\site-packages\telegram\request\_baserequest.py", line 201, in post
    result = await self._request_wrapper(
             ^^^^^^^^^^^^^^^^^^^^^^^^^^^^
    ...<7 lines>...
    )
    ^
  File "C:\Users\Hanieh\AppData\Roaming\Python\Python313\site-packages\telegram\request\_baserequest.py", line 384, in _request_wrapper
    raise Conflict(message)
telegram.error.Conflict: Conflict: can't use getUpdates method while webhook is active; use deleteWebhook to delete the webhook first
2026-02-21 20:27:18,207 - httpx - INFO - HTTP Request: POST https://api.telegram.org/bot8416661246:AAEb0d-g188-zJiiP54-3AQ85LpJLHl9RUw/getUpdates "HTTP/1.1 409 Conflict"
2026-02-21 20:27:18,209 - telegram.ext.Application - ERROR - No error handlers are registered, logging exception.
Traceback (most recent call last):
  File "C:\Users\Hanieh\AppData\Roaming\Python\Python313\site-packages\telegram\ext\_updater.py", line 753, in _network_loop_retry
    if not await do_action():
           ^^^^^^^^^^^^^^^^^
  File "C:\Users\Hanieh\AppData\Roaming\Python\Python313\site-packages\telegram\ext\_updater.py", line 747, in do_action
    return action_cb_task.result()
           ~~~~~~~~~~~~~~~~~~~~~^^
  File "C:\Users\Hanieh\AppData\Roaming\Python\Python313\site-packages\telegram\ext\_updater.py", line 377, in polling_action_cb
    updates = await self.bot.get_updates(
              ^^^^^^^^^^^^^^^^^^^^^^^^^^^
    ...<7 lines>...
    )
    ^
  File "C:\Users\Hanieh\AppData\Roaming\Python\Python313\site-packages\telegram\ext\_extbot.py", line 649, in get_updates
    updates = await super().get_updates(
              ^^^^^^^^^^^^^^^^^^^^^^^^^^
    ...<9 lines>...
    )
    ^
  File "C:\Users\Hanieh\AppData\Roaming\Python\Python313\site-packages\telegram\_bot.py", line 4366, in get_updates
    await self._post(
    ^^^^^^^^^^^^^^^^^
    ...<7 lines>...
    ),
    ^
  File "C:\Users\Hanieh\AppData\Roaming\Python\Python313\site-packages\telegram\_bot.py", line 623, in _post
    return await self._do_post(
           ^^^^^^^^^^^^^^^^^^^^
    ...<6 lines>...
    )
    ^
  File "C:\Users\Hanieh\AppData\Roaming\Python\Python313\site-packages\telegram\ext\_extbot.py", line 355, in _do_post
    return await super()._do_post(
           ^^^^^^^^^^^^^^^^^^^^^^^
    ...<6 lines>...
    )
    ^
  File "C:\Users\Hanieh\AppData\Roaming\Python\Python313\site-packages\telegram\_bot.py", line 652, in _do_post
    result = await request.post(
             ^^^^^^^^^^^^^^^^^^^
    ...<6 lines>...
    )
    ^
  File "C:\Users\Hanieh\AppData\Roaming\Python\Python313\site-packages\telegram\request\_baserequest.py", line 201, in post
    result = await self._request_wrapper(
             ^^^^^^^^^^^^^^^^^^^^^^^^^^^^
    ...<7 lines>...
    )
    ^
  File "C:\Users\Hanieh\AppData\Roaming\Python\Python313\site-packages\telegram\request\_baserequest.py", line 384, in _request_wrapper
    raise Conflict(message)
telegram.error.Conflict: Conflict: can't use getUpdates method while webhook is active; use deleteWebhook to delete the webhook first
2026-02-21 20:27:21,749 - httpx - INFO - HTTP Request: POST https://api.telegram.org/bot8416661246:AAEb0d-g188-zJiiP54-3AQ85LpJLHl9RUw/getUpdates "HTTP/1.1 409 Conflict"
2026-02-21 20:27:21,751 - telegram.ext.Application - ERROR - No error handlers are registered, logging exception.
Traceback (most recent call last):
  File "C:\Users\Hanieh\AppData\Roaming\Python\Python313\site-packages\telegram\ext\_updater.py", line 753, in _network_loop_retry
    if not await do_action():
           ^^^^^^^^^^^^^^^^^
  File "C:\Users\Hanieh\AppData\Roaming\Python\Python313\site-packages\telegram\ext\_updater.py", line 747, in do_action
    return action_cb_task.result()
           ~~~~~~~~~~~~~~~~~~~~~^^
  File "C:\Users\Hanieh\AppData\Roaming\Python\Python313\site-packages\telegram\ext\_updater.py", line 377, in polling_action_cb
    updates = await self.bot.get_updates(
              ^^^^^^^^^^^^^^^^^^^^^^^^^^^
    ...<7 lines>...
    )
    ^
  File "C:\Users\Hanieh\AppData\Roaming\Python\Python313\site-packages\telegram\ext\_extbot.py", line 649, in get_updates
    updates = await super().get_updates(
              ^^^^^^^^^^^^^^^^^^^^^^^^^^
    ...<9 lines>...
    )
    ^
  File "C:\Users\Hanieh\AppData\Roaming\Python\Python313\site-packages\telegram\_bot.py", line 4366, in get_updates
    await self._post(
    ^^^^^^^^^^^^^^^^^
    ...<7 lines>...
    ),
    ^
  File "C:\Users\Hanieh\AppData\Roaming\Python\Python313\site-packages\telegram\_bot.py", line 623, in _post
    return await self._do_post(
           ^^^^^^^^^^^^^^^^^^^^
    ...<6 lines>...
    )
    ^
  File "C:\Users\Hanieh\AppData\Roaming\Python\Python313\site-packages\telegram\ext\_extbot.py", line 355, in _do_post
    return await super()._do_post(
           ^^^^^^^^^^^^^^^^^^^^^^^
    ...<6 lines>...
    )
    ^
  File "C:\Users\Hanieh\AppData\Roaming\Python\Python313\site-packages\telegram\_bot.py", line 652, in _do_post
    result = await request.post(
             ^^^^^^^^^^^^^^^^^^^
    ...<6 lines>...
    )
    ^
  File "C:\Users\Hanieh\AppData\Roaming\Python\Python313\site-packages\telegram\request\_baserequest.py", line 201, in post
    result = await self._request_wrapper(
             ^^^^^^^^^^^^^^^^^^^^^^^^^^^^
    ...<7 lines>...
    )
    ^
  File "C:\Users\Hanieh\AppData\Roaming\Python\Python313\site-packages\telegram\request\_baserequest.py", line 384, in _request_wrapper
    raise Conflict(message)
telegram.error.Conflict: Conflict: can't use getUpdates method while webhook is active; use deleteWebhook to delete the webhook first
2026-02-21 20:27:29,804 - httpx - INFO - HTTP Request: POST https://api.telegram.org/bot8416661246:AAEb0d-g188-zJiiP54-3AQ85LpJLHl9RUw/getUpdates "HTTP/1.1 409 Conflict"
2026-02-21 20:27:29,807 - telegram.ext.Application - ERROR - No error handlers are registered, logging exception.
Traceback (most recent call last):
  File "C:\Users\Hanieh\AppData\Roaming\Python\Python313\site-packages\telegram\ext\_updater.py", line 753, in _network_loop_retry
    if not await do_action():
           ^^^^^^^^^^^^^^^^^
  File "C:\Users\Hanieh\AppData\Roaming\Python\Python313\site-packages\telegram\ext\_updater.py", line 747, in do_action
    return action_cb_task.result()
           ~~~~~~~~~~~~~~~~~~~~~^^
  File "C:\Users\Hanieh\AppData\Roaming\Python\Python313\site-packages\telegram\ext\_updater.py", line 377, in polling_action_cb
    updates = await self.bot.get_updates(
              ^^^^^^^^^^^^^^^^^^^^^^^^^^^
    ...<7 lines>...
    )
    ^
  File "C:\Users\Hanieh\AppData\Roaming\Python\Python313\site-packages\telegram\ext\_extbot.py", line 649, in get_updates
    updates = await super().get_updates(
              ^^^^^^^^^^^^^^^^^^^^^^^^^^
    ...<9 lines>...
    )
    ^
  File "C:\Users\Hanieh\AppData\Roaming\Python\Python313\site-packages\telegram\_bot.py", line 4366, in get_updates
    await self._post(
    ^^^^^^^^^^^^^^^^^
    ...<7 lines>...
    ),
    ^
  File "C:\Users\Hanieh\AppData\Roaming\Python\Python313\site-packages\telegram\_bot.py", line 623, in _post
    return await self._do_post(
           ^^^^^^^^^^^^^^^^^^^^
    ...<6 lines>...
    )
    ^
  File "C:\Users\Hanieh\AppData\Roaming\Python\Python313\site-packages\telegram\ext\_extbot.py", line 355, in _do_post
    return await super()._do_post(
           ^^^^^^^^^^^^^^^^^^^^^^^
    ...<6 lines>...
    )
    ^
  File "C:\Users\Hanieh\AppData\Roaming\Python\Python313\site-packages\telegram\_bot.py", line 652, in _do_post
    result = await request.post(
             ^^^^^^^^^^^^^^^^^^^
    ...<6 lines>...
    )
    ^
  File "C:\Users\Hanieh\AppData\Roaming\Python\Python313\site-packages\telegram\request\_baserequest.py", line 201, in post
    result = await self._request_wrapper(
             ^^^^^^^^^^^^^^^^^^^^^^^^^^^^
    ...<7 lines>...
    )
    ^
  File "C:\Users\Hanieh\AppData\Roaming\Python\Python313\site-packages\telegram\request\_baserequest.py", line 384, in _request_wrapper
    raise Conflict(message)
telegram.error.Conflict: Conflict: can't use getUpdates method while webhook is active; use deleteWebhook to delete the webhook first
2026-02-21 20:27:39,040 - httpx - INFO - HTTP Request: POST https://api.telegram.org/bot8416661246:AAEb0d-g188-zJiiP54-3AQ85LpJLHl9RUw/getUpdates "HTTP/1.1 409 Conflict"
2026-02-21 20:27:39,043 - telegram.ext.Application - ERROR - No error handlers are registered, logging exception.
Traceback (most recent call last):
  File "C:\Users\Hanieh\AppData\Roaming\Python\Python313\site-packages\telegram\ext\_updater.py", line 753, in _network_loop_retry
    if not await do_action():
           ^^^^^^^^^^^^^^^^^
  File "C:\Users\Hanieh\AppData\Roaming\Python\Python313\site-packages\telegram\ext\_updater.py", line 747, in do_action
    return action_cb_task.result()
           ~~~~~~~~~~~~~~~~~~~~~^^
  File "C:\Users\Hanieh\AppData\Roaming\Python\Python313\site-packages\telegram\ext\_updater.py", line 377, in polling_action_cb
    updates = await self.bot.get_updates(
              ^^^^^^^^^^^^^^^^^^^^^^^^^^^
    ...<7 lines>...
    )
    ^
  File "C:\Users\Hanieh\AppData\Roaming\Python\Python313\site-packages\telegram\ext\_extbot.py", line 649, in get_updates
    updates = await super().get_updates(
              ^^^^^^^^^^^^^^^^^^^^^^^^^^
    ...<9 lines>...
    )
    ^
  File "C:\Users\Hanieh\AppData\Roaming\Python\Python313\site-packages\telegram\_bot.py", line 4366, in get_updates
    await self._post(
    ^^^^^^^^^^^^^^^^^
    ...<7 lines>...
    ),
    ^
  File "C:\Users\Hanieh\AppData\Roaming\Python\Python313\site-packages\telegram\_bot.py", line 623, in _post
    return await self._do_post(
           ^^^^^^^^^^^^^^^^^^^^
    ...<6 lines>...
    )
    ^
  File "C:\Users\Hanieh\AppData\Roaming\Python\Python313\site-packages\telegram\ext\_extbot.py", line 355, in _do_post
    return await super()._do_post(
           ^^^^^^^^^^^^^^^^^^^^^^^
    ...<6 lines>...
    )
    ^
  File "C:\Users\Hanieh\AppData\Roaming\Python\Python313\site-packages\telegram\_bot.py", line 652, in _do_post
    result = await request.post(
             ^^^^^^^^^^^^^^^^^^^
    ...<6 lines>...
    )
    ^
  File "C:\Users\Hanieh\AppData\Roaming\Python\Python313\site-packages\telegram\request\_baserequest.py", line 201, in post
    result = await self._request_wrapper(
             ^^^^^^^^^^^^^^^^^^^^^^^^^^^^
    ...<7 lines>...
    )
    ^
  File "C:\Users\Hanieh\AppData\Roaming\Python\Python313\site-packages\telegram\request\_baserequest.py", line 384, in _request_wrapper
    raise Conflict(message)
telegram.error.Conflict: Conflict: can't use getUpdates method while webhook is active; use deleteWebhook to delete the webhook first
2026-02-21 20:27:55,583 - httpx - INFO - HTTP Request: POST https://api.telegram.org/bot8416661246:AAEb0d-g188-zJiiP54-3AQ85LpJLHl9RUw/getUpdates "HTTP/1.1 200 OK"
2026-02-21 20:28:01,694 - httpx - INFO - HTTP Request: POST https://api.telegram.org/bot8416661246:AAEb0d-g188-zJiiP54-3AQ85LpJLHl9RUw/getUpdates "HTTP/1.1 409 Conflict"
2026-02-21 20:28:01,697 - telegram.ext.Application - ERROR - No error handlers are registered, logging exception.
Traceback (most recent call last):
  File "C:\Users\Hanieh\AppData\Roaming\Python\Python313\site-packages\telegram\ext\_updater.py", line 753, in _network_loop_retry
    if not await do_action():
           ^^^^^^^^^^^^^^^^^
  File "C:\Users\Hanieh\AppData\Roaming\Python\Python313\site-packages\telegram\ext\_updater.py", line 747, in do_action
    return action_cb_task.result()
           ~~~~~~~~~~~~~~~~~~~~~^^
  File "C:\Users\Hanieh\AppData\Roaming\Python\Python313\site-packages\telegram\ext\_updater.py", line 377, in polling_action_cb
    updates = await self.bot.get_updates(
              ^^^^^^^^^^^^^^^^^^^^^^^^^^^
    ...<7 lines>...
    )
    ^
  File "C:\Users\Hanieh\AppData\Roaming\Python\Python313\site-packages\telegram\ext\_extbot.py", line 649, in get_updates
    updates = await super().get_updates(
              ^^^^^^^^^^^^^^^^^^^^^^^^^^
    ...<9 lines>...
    )
    ^
  File "C:\Users\Hanieh\AppData\Roaming\Python\Python313\site-packages\telegram\_bot.py", line 4366, in get_updates
    await self._post(
    ^^^^^^^^^^^^^^^^^
    ...<7 lines>...
    ),
    ^
  File "C:\Users\Hanieh\AppData\Roaming\Python\Python313\site-packages\telegram\_bot.py", line 623, in _post
    return await self._do_post(
           ^^^^^^^^^^^^^^^^^^^^
    ...<6 lines>...
    )
    ^
  File "C:\Users\Hanieh\AppData\Roaming\Python\Python313\site-packages\telegram\ext\_extbot.py", line 355, in _do_post
    return await super()._do_post(
           ^^^^^^^^^^^^^^^^^^^^^^^
    ...<6 lines>...
    )
    ^
  File "C:\Users\Hanieh\AppData\Roaming\Python\Python313\site-packages\telegram\_bot.py", line 652, in _do_post
    result = await request.post(
             ^^^^^^^^^^^^^^^^^^^
    ...<6 lines>...
    )
    ^
  File "C:\Users\Hanieh\AppData\Roaming\Python\Python313\site-packages\telegram\request\_baserequest.py", line 201, in post
    result = await self._request_wrapper(
             ^^^^^^^^^^^^^^^^^^^^^^^^^^^^
    ...<7 lines>...
    )
    ^
  File "C:\Users\Hanieh\AppData\Roaming\Python\Python313\site-packages\telegram\request\_baserequest.py", line 384, in _request_wrapper
    raise Conflict(message)
telegram.error.Conflict: Conflict: terminated by setWebhook request
2026-02-21 20:28:05,880 - httpx - INFO - HTTP Request: POST https://api.telegram.org/bot8416661246:AAEb0d-g188-zJiiP54-3AQ85LpJLHl9RUw/getUpdates "HTTP/1.1 409 Conflict"
2026-02-21 20:28:05,882 - telegram.ext.Application - ERROR - No error handlers are registered, logging exception.
Traceback (most recent call last):
  File "C:\Users\Hanieh\AppData\Roaming\Python\Python313\site-packages\telegram\ext\_updater.py", line 753, in _network_loop_retry
    if not await do_action():
           ^^^^^^^^^^^^^^^^^
  File "C:\Users\Hanieh\AppData\Roaming\Python\Python313\site-packages\telegram\ext\_updater.py", line 747, in do_action
    return action_cb_task.result()
           ~~~~~~~~~~~~~~~~~~~~~^^
  File "C:\Users\Hanieh\AppData\Roaming\Python\Python313\site-packages\telegram\ext\_updater.py", line 377, in polling_action_cb
    updates = await self.bot.get_updates(
              ^^^^^^^^^^^^^^^^^^^^^^^^^^^
    ...<7 lines>...
    )
    ^
  File "C:\Users\Hanieh\AppData\Roaming\Python\Python313\site-packages\telegram\ext\_extbot.py", line 649, in get_updates
    updates = await super().get_updates(
              ^^^^^^^^^^^^^^^^^^^^^^^^^^
    ...<9 lines>...
    )
    ^
  File "C:\Users\Hanieh\AppData\Roaming\Python\Python313\site-packages\telegram\_bot.py", line 4366, in get_updates
    await self._post(
    ^^^^^^^^^^^^^^^^^
    ...<7 lines>...
    ),
    ^
  File "C:\Users\Hanieh\AppData\Roaming\Python\Python313\site-packages\telegram\_bot.py", line 623, in _post
    return await self._do_post(
           ^^^^^^^^^^^^^^^^^^^^
    ...<6 lines>...
    )
    ^
  File "C:\Users\Hanieh\AppData\Roaming\Python\Python313\site-packages\telegram\ext\_extbot.py", line 355, in _do_post
    return await super()._do_post(
           ^^^^^^^^^^^^^^^^^^^^^^^
    ...<6 lines>...
    )
    ^
  File "C:\Users\Hanieh\AppData\Roaming\Python\Python313\site-packages\telegram\_bot.py", line 652, in _do_post
    result = await request.post(
             ^^^^^^^^^^^^^^^^^^^
    ...<6 lines>...
    )
    ^
  File "C:\Users\Hanieh\AppData\Roaming\Python\Python313\site-packages\telegram\request\_baserequest.py", line 201, in post
    result = await self._request_wrapper(
             ^^^^^^^^^^^^^^^^^^^^^^^^^^^^
    ...<7 lines>...
    )
    ^
  File "C:\Users\Hanieh\AppData\Roaming\Python\Python313\site-packages\telegram\request\_baserequest.py", line 384, in _request_wrapper
    raise Conflict(message)
telegram.error.Conflict: Conflict: can't use getUpdates method while webhook is active; use deleteWebhook to delete the webhook first
2026-02-21 20:28:07,566 - httpx - INFO - HTTP Request: POST https://api.telegram.org/bot8416661246:AAEb0d-g188-zJiiP54-3AQ85LpJLHl9RUw/getUpdates "HTTP/1.1 409 Conflict"
2026-02-21 20:28:07,568 - telegram.ext.Application - ERROR - No error handlers are registered, logging exception.
Traceback (most recent call last):
  File "C:\Users\Hanieh\AppData\Roaming\Python\Python313\site-packages\telegram\ext\_updater.py", line 753, in _network_loop_retry
    if not await do_action():
           ^^^^^^^^^^^^^^^^^
  File "C:\Users\Hanieh\AppData\Roaming\Python\Python313\site-packages\telegram\ext\_updater.py", line 747, in do_action
    return action_cb_task.result()
           ~~~~~~~~~~~~~~~~~~~~~^^
  File "C:\Users\Hanieh\AppData\Roaming\Python\Python313\site-packages\telegram\ext\_updater.py", line 377, in polling_action_cb
    updates = await self.bot.get_updates(
              ^^^^^^^^^^^^^^^^^^^^^^^^^^^
    ...<7 lines>...
    )
    ^
  File "C:\Users\Hanieh\AppData\Roaming\Python\Python313\site-packages\telegram\ext\_extbot.py", line 649, in get_updates
    updates = await super().get_updates(
              ^^^^^^^^^^^^^^^^^^^^^^^^^^
    ...<9 lines>...
    )
    ^
  File "C:\Users\Hanieh\AppData\Roaming\Python\Python313\site-packages\telegram\_bot.py", line 4366, in get_updates
    await self._post(
    ^^^^^^^^^^^^^^^^^
    ...<7 lines>...
    ),
    ^
  File "C:\Users\Hanieh\AppData\Roaming\Python\Python313\site-packages\telegram\_bot.py", line 623, in _post
    return await self._do_post(
           ^^^^^^^^^^^^^^^^^^^^
    ...<6 lines>...
    )
    ^
  File "C:\Users\Hanieh\AppData\Roaming\Python\Python313\site-packages\telegram\ext\_extbot.py", line 355, in _do_post
    return await super()._do_post(
           ^^^^^^^^^^^^^^^^^^^^^^^
    ...<6 lines>...
    )
    ^
  File "C:\Users\Hanieh\AppData\Roaming\Python\Python313\site-packages\telegram\_bot.py", line 652, in _do_post
    result = await request.post(
             ^^^^^^^^^^^^^^^^^^^
    ...<6 lines>...
    )
    ^
  File "C:\Users\Hanieh\AppData\Roaming\Python\Python313\site-packages\telegram\request\_baserequest.py", line 201, in post
    result = await self._request_wrapper(
             ^^^^^^^^^^^^^^^^^^^^^^^^^^^^
    ...<7 lines>...
    )
    ^
  File "C:\Users\Hanieh\AppData\Roaming\Python\Python313\site-packages\telegram\request\_baserequest.py", line 384, in _request_wrapper
    raise Conflict(message)
telegram.error.Conflict: Conflict: can't use getUpdates method while webhook is active; use deleteWebhook to delete the webhook first
2026-02-21 20:28:19,998 - httpx - INFO - HTTP Request: POST https://api.telegram.org/bot8416661246:AAEb0d-g188-zJiiP54-3AQ85LpJLHl9RUw/getUpdates "HTTP/1.1 200 OK"
2026-02-21 20:28:30,179 - httpx - INFO - HTTP Request: POST https://api.telegram.org/bot8416661246:AAEb0d-g188-zJiiP54-3AQ85LpJLHl9RUw/getUpdates "HTTP/1.1 200 OK"
2026-02-21 20:28:40,356 - httpx - INFO - HTTP Request: POST https://api.telegram.org/bot8416661246:AAEb0d-g188-zJiiP54-3AQ85LpJLHl9RUw/getUpdates "HTTP/1.1 200 OK"
2026-02-21 20:28:50,529 - httpx - INFO - HTTP Request: POST https://api.telegram.org/bot8416661246:AAEb0d-g188-zJiiP54-3AQ85LpJLHl9RUw/getUpdates "HTTP/1.1 200 OK"
2026-02-21 20:29:00,709 - httpx - INFO - HTTP Request: POST https://api.telegram.org/bot8416661246:AAEb0d-g188-zJiiP54-3AQ85LpJLHl9RUw/getUpdates "HTTP/1.1 200 OK"
2026-02-21 20:29:10,880 - httpx - INFO - HTTP Request: POST https://api.telegram.org/bot8416661246:AAEb0d-g188-zJiiP54-3AQ85LpJLHl9RUw/getUpdates "HTTP/1.1 200 OK"
2026-02-21 20:29:21,068 - httpx - INFO - HTTP Request: POST https://api.telegram.org/bot8416661246:AAEb0d-g188-zJiiP54-3AQ85LpJLHl9RUw/getUpdates "HTTP/1.1 200 OK"
2026-02-21 20:29:31,231 - httpx - INFO - HTTP Request: POST https://api.telegram.org/bot8416661246:AAEb0d-g188-zJiiP54-3AQ85LpJLHl9RUw/getUpdates "HTTP/1.1 200 OK"
2026-02-21 20:29:41,405 - httpx - INFO - HTTP Request: POST https://api.telegram.org/bot8416661246:AAEb0d-g188-zJiiP54-3AQ85LpJLHl9RUw/getUpdates "HTTP/1.1 200 OK"
2026-02-21 20:29:51,605 - httpx - INFO - HTTP Request: POST https://api.telegram.org/bot8416661246:AAEb0d-g188-zJiiP54-3AQ85LpJLHl9RUw/getUpdates "HTTP/1.1 200 OK"
2026-02-21 20:30:01,782 - httpx - INFO - HTTP Request: POST https://api.telegram.org/bot8416661246:AAEb0d-g188-zJiiP54-3AQ85LpJLHl9RUw/getUpdates "HTTP/1.1 200 OK"
2026-02-21 20:30:11,957 - httpx - INFO - HTTP Request: POST https://api.telegram.org/bot8416661246:AAEb0d-g188-zJiiP54-3AQ85LpJLHl9RUw/getUpdates "HTTP/1.1 200 OK"
2026-02-21 20:30:22,142 - httpx - INFO - HTTP Request: POST https://api.telegram.org/bot8416661246:AAEb0d-g188-zJiiP54-3AQ85LpJLHl9RUw/getUpdates "HTTP/1.1 200 OK"
2026-02-21 20:30:32,318 - httpx - INFO - HTTP Request: POST https://api.telegram.org/bot8416661246:AAEb0d-g188-zJiiP54-3AQ85LpJLHl9RUw/getUpdates "HTTP/1.1 200 OK"
2026-02-21 20:30:42,526 - httpx - INFO - HTTP Request: POST https://api.telegram.org/bot8416661246:AAEb0d-g188-zJiiP54-3AQ85LpJLHl9RUw/getUpdates "HTTP/1.1 200 OK"
2026-02-21 20:30:52,711 - httpx - INFO - HTTP Request: POST https://api.telegram.org/bot8416661246:AAEb0d-g188-zJiiP54-3AQ85LpJLHl9RUw/getUpdates "HTTP/1.1 200 OK"
2026-02-21 20:31:02,888 - httpx - INFO - HTTP Request: POST https://api.telegram.org/bot8416661246:AAEb0d-g188-zJiiP54-3AQ85LpJLHl9RUw/getUpdates "HTTP/1.1 200 OK"
2026-02-21 20:31:13,057 - httpx - INFO - HTTP Request: POST https://api.telegram.org/bot8416661246:AAEb0d-g188-zJiiP54-3AQ85LpJLHl9RUw/getUpdates "HTTP/1.1 200 OK"
2026-02-21 20:31:23,247 - httpx - INFO - HTTP Request: POST https://api.telegram.org/bot8416661246:AAEb0d-g188-zJiiP54-3AQ85LpJLHl9RUw/getUpdates "HTTP/1.1 200 OK"
2026-02-21 20:31:33,827 - httpx - INFO - HTTP Request: POST https://api.telegram.org/bot8416661246:AAEb0d-g188-zJiiP54-3AQ85LpJLHl9RUw/getUpdates "HTTP/1.1 200 OK"
2026-02-21 20:31:44,008 - httpx - INFO - HTTP Request: POST https://api.telegram.org/bot8416661246:AAEb0d-g188-zJiiP54-3AQ85LpJLHl9RUw/getUpdates "HTTP/1.1 200 OK"
2026-02-21 20:31:54,179 - httpx - INFO - HTTP Request: POST https://api.telegram.org/bot8416661246:AAEb0d-g188-zJiiP54-3AQ85LpJLHl9RUw/getUpdates "HTTP/1.1 200 OK"
2026-02-21 20:32:04,362 - httpx - INFO - HTTP Request: POST https://api.telegram.org/bot8416661246:AAEb0d-g188-zJiiP54-3AQ85LpJLHl9RUw/getUpdates "HTTP/1.1 200 OK"
2026-02-21 20:32:14,533 - httpx - INFO - HTTP Request: POST https://api.telegram.org/bot8416661246:AAEb0d-g188-zJiiP54-3AQ85LpJLHl9RUw/getUpdates "HTTP/1.1 200 OK"
2026-02-21 20:32:24,727 - httpx - INFO - HTTP Request: POST https://api.telegram.org/bot8416661246:AAEb0d-g188-zJiiP54-3AQ85LpJLHl9RUw/getUpdates "HTTP/1.1 200 OK"
2026-02-21 20:32:34,920 - httpx - INFO - HTTP Request: POST https://api.telegram.org/bot8416661246:AAEb0d-g188-zJiiP54-3AQ85LpJLHl9RUw/getUpdates "HTTP/1.1 200 OK"
2026-02-21 20:32:45,090 - httpx - INFO - HTTP Request: POST https://api.telegram.org/bot8416661246:AAEb0d-g188-zJiiP54-3AQ85LpJLHl9RUw/getUpdates "HTTP/1.1 200 OK"
2026-02-21 20:32:55,260 - httpx - INFO - HTTP Request: POST https://api.telegram.org/bot8416661246:AAEb0d-g188-zJiiP54-3AQ85LpJLHl9RUw/getUpdates "HTTP/1.1 200 OK"
2026-02-21 20:33:05,459 - httpx - INFO - HTTP Request: POST https://api.telegram.org/bot8416661246:AAEb0d-g188-zJiiP54-3AQ85LpJLHl9RUw/getUpdates "HTTP/1.1 200 OK"
2026-02-21 20:33:15,632 - httpx - INFO - HTTP Request: POST https://api.telegram.org/bot8416661246:AAEb0d-g188-zJiiP54-3AQ85LpJLHl9RUw/getUpdates "HTTP/1.1 200 OK"
2026-02-21 20:33:25,797 - httpx - INFO - HTTP Request: POST https://api.telegram.org/bot8416661246:AAEb0d-g188-zJiiP54-3AQ85LpJLHl9RUw/getUpdates "HTTP/1.1 200 OK"
2026-02-21 20:33:35,969 - httpx - INFO - HTTP Request: POST https://api.telegram.org/bot8416661246:AAEb0d-g188-zJiiP54-3AQ85LpJLHl9RUw/getUpdates "HTTP/1.1 200 OK"
2026-02-21 20:33:46,638 - httpx - INFO - HTTP Request: POST https://api.telegram.org/bot8416661246:AAEb0d-g188-zJiiP54-3AQ85LpJLHl9RUw/getUpdates "HTTP/1.1 200 OK"
2026-02-21 20:33:52,509 - apscheduler.executors.default - INFO - Running job "cleanup_groups (trigger: interval[1:00:00], next run at: 2026-02-21 18:03:52 UTC)" (scheduled at 2026-02-21 17:03:52.488627+00:00)
2026-02-21 20:33:52,509 - apscheduler.executors.default - INFO - Job "cleanup_groups (trigger: interval[1:00:00], next run at: 2026-02-21 18:03:52 UTC)" executed successfully
2026-02-21 20:33:56,808 - httpx - INFO - HTTP Request: POST https://api.telegram.org/bot8416661246:AAEb0d-g188-zJiiP54-3AQ85LpJLHl9RUw/getUpdates "HTTP/1.1 200 OK"
2026-02-21 20:34:07,002 - httpx - INFO - HTTP Request: POST https://api.telegram.org/bot8416661246:AAEb0d-g188-zJiiP54-3AQ85LpJLHl9RUw/getUpdates "HTTP/1.1 200 OK"
2026-02-21 20:34:17,176 - httpx - INFO - HTTP Request: POST https://api.telegram.org/bot8416661246:AAEb0d-g188-zJiiP54-3AQ85LpJLHl9RUw/getUpdates "HTTP/1.1 200 OK"
2026-02-21 20:34:27,360 - httpx - INFO - HTTP Request: POST https://api.telegram.org/bot8416661246:AAEb0d-g188-zJiiP54-3AQ85LpJLHl9RUw/getUpdates "HTTP/1.1 200 OK"
2026-02-21 20:34:37,523 - httpx - INFO - HTTP Request: POST https://api.telegram.org/bot8416661246:AAEb0d-g188-zJiiP54-3AQ85LpJLHl9RUw/getUpdates "HTTP/1.1 200 OK"
2026-02-21 20:34:47,726 - httpx - INFO - HTTP Request: POST https://api.telegram.org/bot8416661246:AAEb0d-g188-zJiiP54-3AQ85LpJLHl9RUw/getUpdates "HTTP/1.1 200 OK"
2026-02-21 20:34:57,922 - httpx - INFO - HTTP Request: POST https://api.telegram.org/bot8416661246:AAEb0d-g188-zJiiP54-3AQ85LpJLHl9RUw/getUpdates "HTTP/1.1 200 OK"
2026-02-21 20:35:08,105 - httpx - INFO - HTTP Request: POST https://api.telegram.org/bot8416661246:AAEb0d-g188-zJiiP54-3AQ85LpJLHl9RUw/getUpdates "HTTP/1.1 200 OK"
2026-02-21 20:35:18,278 - httpx - INFO - HTTP Request: POST https://api.telegram.org/bot8416661246:AAEb0d-g188-zJiiP54-3AQ85LpJLHl9RUw/getUpdates "HTTP/1.1 200 OK"
2026-02-21 20:35:28,444 - httpx - INFO - HTTP Request: POST https://api.telegram.org/bot8416661246:AAEb0d-g188-zJiiP54-3AQ85LpJLHl9RUw/getUpdates "HTTP/1.1 200 OK"
2026-02-21 20:35:38,611 - httpx - INFO - HTTP Request: POST https://api.telegram.org/bot8416661246:AAEb0d-g188-zJiiP54-3AQ85LpJLHl9RUw/getUpdates "HTTP/1.1 200 OK"
2026-02-21 20:35:48,791 - httpx - INFO - HTTP Request: POST https://api.telegram.org/bot8416661246:AAEb0d-g188-zJiiP54-3AQ85LpJLHl9RUw/getUpdates "HTTP/1.1 200 OK"
2026-02-21 20:35:58,954 - httpx - INFO - HTTP Request: POST https://api.telegram.org/bot8416661246:AAEb0d-g188-zJiiP54-3AQ85LpJLHl9RUw/getUpdates "HTTP/1.1 200 OK"
2026-02-21 20:36:09,133 - httpx - INFO - HTTP Request: POST https://api.telegram.org/bot8416661246:AAEb0d-g188-zJiiP54-3AQ85LpJLHl9RUw/getUpdates "HTTP/1.1 200 OK"
2026-02-21 20:36:19,317 - httpx - INFO - HTTP Request: POST https://api.telegram.org/bot8416661246:AAEb0d-g188-zJiiP54-3AQ85LpJLHl9RUw/getUpdates "HTTP/1.1 200 OK"
2026-02-21 20:36:22,038 - httpx - INFO - HTTP Request: POST https://api.telegram.org/bot8416661246:AAEb0d-g188-zJiiP54-3AQ85LpJLHl9RUw/getUpdates "HTTP/1.1 409 Conflict"
2026-02-21 20:36:22,039 - telegram.ext.Application - ERROR - No error handlers are registered, logging exception.
Traceback (most recent call last):
  File "C:\Users\Hanieh\AppData\Roaming\Python\Python313\site-packages\telegram\ext\_updater.py", line 753, in _network_loop_retry
    if not await do_action():
           ^^^^^^^^^^^^^^^^^
  File "C:\Users\Hanieh\AppData\Roaming\Python\Python313\site-packages\telegram\ext\_updater.py", line 747, in do_action
    return action_cb_task.result()
           ~~~~~~~~~~~~~~~~~~~~~^^
  File "C:\Users\Hanieh\AppData\Roaming\Python\Python313\site-packages\telegram\ext\_updater.py", line 377, in polling_action_cb
    updates = await self.bot.get_updates(
              ^^^^^^^^^^^^^^^^^^^^^^^^^^^
    ...<7 lines>...
    )
    ^
  File "C:\Users\Hanieh\AppData\Roaming\Python\Python313\site-packages\telegram\ext\_extbot.py", line 649, in get_updates
    updates = await super().get_updates(
              ^^^^^^^^^^^^^^^^^^^^^^^^^^
    ...<9 lines>...
    )
    ^
  File "C:\Users\Hanieh\AppData\Roaming\Python\Python313\site-packages\telegram\_bot.py", line 4366, in get_updates
    await self._post(
    ^^^^^^^^^^^^^^^^^
    ...<7 lines>...
    ),
    ^
  File "C:\Users\Hanieh\AppData\Roaming\Python\Python313\site-packages\telegram\_bot.py", line 623, in _post
    return await self._do_post(
           ^^^^^^^^^^^^^^^^^^^^
    ...<6 lines>...
    )
    ^
  File "C:\Users\Hanieh\AppData\Roaming\Python\Python313\site-packages\telegram\ext\_extbot.py", line 355, in _do_post
    return await super()._do_post(
           ^^^^^^^^^^^^^^^^^^^^^^^
    ...<6 lines>...
    )
    ^
  File "C:\Users\Hanieh\AppData\Roaming\Python\Python313\site-packages\telegram\_bot.py", line 652, in _do_post
    result = await request.post(
             ^^^^^^^^^^^^^^^^^^^
    ...<6 lines>...
    )
    ^
  File "C:\Users\Hanieh\AppData\Roaming\Python\Python313\site-packages\telegram\request\_baserequest.py", line 201, in post
    result = await self._request_wrapper(
             ^^^^^^^^^^^^^^^^^^^^^^^^^^^^
    ...<7 lines>...
    )
    ^
  File "C:\Users\Hanieh\AppData\Roaming\Python\Python313\site-packages\telegram\request\_baserequest.py", line 384, in _request_wrapper
    raise Conflict(message)
telegram.error.Conflict: Conflict: terminated by setWebhook request
2026-02-21 20:36:26,277 - httpx - INFO - HTTP Request: POST https://api.telegram.org/bot8416661246:AAEb0d-g188-zJiiP54-3AQ85LpJLHl9RUw/getUpdates "HTTP/1.1 409 Conflict"
2026-02-21 20:36:26,279 - telegram.ext.Application - ERROR - No error handlers are registered, logging exception.
Traceback (most recent call last):
  File "C:\Users\Hanieh\AppData\Roaming\Python\Python313\site-packages\telegram\ext\_updater.py", line 753, in _network_loop_retry
    if not await do_action():
           ^^^^^^^^^^^^^^^^^
  File "C:\Users\Hanieh\AppData\Roaming\Python\Python313\site-packages\telegram\ext\_updater.py", line 747, in do_action
    return action_cb_task.result()
           ~~~~~~~~~~~~~~~~~~~~~^^
  File "C:\Users\Hanieh\AppData\Roaming\Python\Python313\site-packages\telegram\ext\_updater.py", line 377, in polling_action_cb
    updates = await self.bot.get_updates(
              ^^^^^^^^^^^^^^^^^^^^^^^^^^^
    ...<7 lines>...
    )
    ^
  File "C:\Users\Hanieh\AppData\Roaming\Python\Python313\site-packages\telegram\ext\_extbot.py", line 649, in get_updates
    updates = await super().get_updates(
              ^^^^^^^^^^^^^^^^^^^^^^^^^^
    ...<9 lines>...
    )
    ^
  File "C:\Users\Hanieh\AppData\Roaming\Python\Python313\site-packages\telegram\_bot.py", line 4366, in get_updates
    await self._post(
    ^^^^^^^^^^^^^^^^^
    ...<7 lines>...
    ),
    ^
  File "C:\Users\Hanieh\AppData\Roaming\Python\Python313\site-packages\telegram\_bot.py", line 623, in _post
    return await self._do_post(
           ^^^^^^^^^^^^^^^^^^^^
    ...<6 lines>...
    )
    ^
  File "C:\Users\Hanieh\AppData\Roaming\Python\Python313\site-packages\telegram\ext\_extbot.py", line 355, in _do_post
    return await super()._do_post(
           ^^^^^^^^^^^^^^^^^^^^^^^
    ...<6 lines>...
    )
    ^
  File "C:\Users\Hanieh\AppData\Roaming\Python\Python313\site-packages\telegram\_bot.py", line 652, in _do_post
    result = await request.post(
             ^^^^^^^^^^^^^^^^^^^
    ...<6 lines>...
    )
    ^
  File "C:\Users\Hanieh\AppData\Roaming\Python\Python313\site-packages\telegram\request\_baserequest.py", line 201, in post
    result = await self._request_wrapper(
             ^^^^^^^^^^^^^^^^^^^^^^^^^^^^
    ...<7 lines>...
    )
    ^
  File "C:\Users\Hanieh\AppData\Roaming\Python\Python313\site-packages\telegram\request\_baserequest.py", line 384, in _request_wrapper
    raise Conflict(message)
telegram.error.Conflict: Conflict: can't use getUpdates method while webhook is active; use deleteWebhook to delete the webhook first
2026-02-21 20:36:27,975 - httpx - INFO - HTTP Request: POST https://api.telegram.org/bot8416661246:AAEb0d-g188-zJiiP54-3AQ85LpJLHl9RUw/getUpdates "HTTP/1.1 409 Conflict"
2026-02-21 20:36:27,977 - telegram.ext.Application - ERROR - No error handlers are registered, logging exception.
Traceback (most recent call last):
  File "C:\Users\Hanieh\AppData\Roaming\Python\Python313\site-packages\telegram\ext\_updater.py", line 753, in _network_loop_retry
    if not await do_action():
           ^^^^^^^^^^^^^^^^^
  File "C:\Users\Hanieh\AppData\Roaming\Python\Python313\site-packages\telegram\ext\_updater.py", line 747, in do_action
    return action_cb_task.result()
           ~~~~~~~~~~~~~~~~~~~~~^^
  File "C:\Users\Hanieh\AppData\Roaming\Python\Python313\site-packages\telegram\ext\_updater.py", line 377, in polling_action_cb
    updates = await self.bot.get_updates(
              ^^^^^^^^^^^^^^^^^^^^^^^^^^^
    ...<7 lines>...
    )
    ^
  File "C:\Users\Hanieh\AppData\Roaming\Python\Python313\site-packages\telegram\ext\_extbot.py", line 649, in get_updates
    updates = await super().get_updates(
              ^^^^^^^^^^^^^^^^^^^^^^^^^^
    ...<9 lines>...
    )
    ^
  File "C:\Users\Hanieh\AppData\Roaming\Python\Python313\site-packages\telegram\_bot.py", line 4366, in get_updates
    await self._post(
    ^^^^^^^^^^^^^^^^^
    ...<7 lines>...
    ),
    ^
  File "C:\Users\Hanieh\AppData\Roaming\Python\Python313\site-packages\telegram\_bot.py", line 623, in _post
    return await self._do_post(
           ^^^^^^^^^^^^^^^^^^^^
    ...<6 lines>...
    )
    ^
  File "C:\Users\Hanieh\AppData\Roaming\Python\Python313\site-packages\telegram\ext\_extbot.py", line 355, in _do_post
    return await super()._do_post(
           ^^^^^^^^^^^^^^^^^^^^^^^
    ...<6 lines>...
    )
    ^
  File "C:\Users\Hanieh\AppData\Roaming\Python\Python313\site-packages\telegram\_bot.py", line 652, in _do_post
    result = await request.post(
             ^^^^^^^^^^^^^^^^^^^
    ...<6 lines>...
    )
    ^
  File "C:\Users\Hanieh\AppData\Roaming\Python\Python313\site-packages\telegram\request\_baserequest.py", line 201, in post
    result = await self._request_wrapper(
             ^^^^^^^^^^^^^^^^^^^^^^^^^^^^
    ...<7 lines>...
    )
    ^
  File "C:\Users\Hanieh\AppData\Roaming\Python\Python313\site-packages\telegram\request\_baserequest.py", line 384, in _request_wrapper
    raise Conflict(message)
telegram.error.Conflict: Conflict: can't use getUpdates method while webhook is active; use deleteWebhook to delete the webhook first
2026-02-21 20:36:33,417 - httpx - INFO - HTTP Request: POST https://api.telegram.org/bot8416661246:AAEb0d-g188-zJiiP54-3AQ85LpJLHl9RUw/getUpdates "HTTP/1.1 409 Conflict"
2026-02-21 20:36:33,420 - telegram.ext.Application - ERROR - No error handlers are registered, logging exception.
Traceback (most recent call last):
  File "C:\Users\Hanieh\AppData\Roaming\Python\Python313\site-packages\telegram\ext\_updater.py", line 753, in _network_loop_retry
    if not await do_action():
           ^^^^^^^^^^^^^^^^^
  File "C:\Users\Hanieh\AppData\Roaming\Python\Python313\site-packages\telegram\ext\_updater.py", line 747, in do_action
    return action_cb_task.result()
           ~~~~~~~~~~~~~~~~~~~~~^^
  File "C:\Users\Hanieh\AppData\Roaming\Python\Python313\site-packages\telegram\ext\_updater.py", line 377, in polling_action_cb
    updates = await self.bot.get_updates(
              ^^^^^^^^^^^^^^^^^^^^^^^^^^^
    ...<7 lines>...
    )
    ^
  File "C:\Users\Hanieh\AppData\Roaming\Python\Python313\site-packages\telegram\ext\_extbot.py", line 649, in get_updates
    updates = await super().get_updates(
              ^^^^^^^^^^^^^^^^^^^^^^^^^^
    ...<9 lines>...
    )
    ^
  File "C:\Users\Hanieh\AppData\Roaming\Python\Python313\site-packages\telegram\_bot.py", line 4366, in get_updates
    await self._post(
    ^^^^^^^^^^^^^^^^^
    ...<7 lines>...
    ),
    ^
  File "C:\Users\Hanieh\AppData\Roaming\Python\Python313\site-packages\telegram\_bot.py", line 623, in _post
    return await self._do_post(
           ^^^^^^^^^^^^^^^^^^^^
    ...<6 lines>...
    )
    ^
  File "C:\Users\Hanieh\AppData\Roaming\Python\Python313\site-packages\telegram\ext\_extbot.py", line 355, in _do_post
    return await super()._do_post(
           ^^^^^^^^^^^^^^^^^^^^^^^
    ...<6 lines>...
    )
    ^
  File "C:\Users\Hanieh\AppData\Roaming\Python\Python313\site-packages\telegram\_bot.py", line 652, in _do_post
    result = await request.post(
             ^^^^^^^^^^^^^^^^^^^
    ...<6 lines>...
    )
    ^
  File "C:\Users\Hanieh\AppData\Roaming\Python\Python313\site-packages\telegram\request\_baserequest.py", line 201, in post
    result = await self._request_wrapper(
             ^^^^^^^^^^^^^^^^^^^^^^^^^^^^
    ...<7 lines>...
    )
    ^
  File "C:\Users\Hanieh\AppData\Roaming\Python\Python313\site-packages\telegram\request\_baserequest.py", line 384, in _request_wrapper
    raise Conflict(message)
telegram.error.Conflict: Conflict: can't use getUpdates method while webhook is active; use deleteWebhook to delete the webhook first
2026-02-21 20:36:36,985 - httpx - INFO - HTTP Request: POST https://api.telegram.org/bot8416661246:AAEb0d-g188-zJiiP54-3AQ85LpJLHl9RUw/getUpdates "HTTP/1.1 409 Conflict"
2026-02-21 20:36:36,988 - telegram.ext.Application - ERROR - No error handlers are registered, logging exception.
Traceback (most recent call last):
  File "C:\Users\Hanieh\AppData\Roaming\Python\Python313\site-packages\telegram\ext\_updater.py", line 753, in _network_loop_retry
    if not await do_action():
           ^^^^^^^^^^^^^^^^^
  File "C:\Users\Hanieh\AppData\Roaming\Python\Python313\site-packages\telegram\ext\_updater.py", line 747, in do_action
    return action_cb_task.result()
           ~~~~~~~~~~~~~~~~~~~~~^^
  File "C:\Users\Hanieh\AppData\Roaming\Python\Python313\site-packages\telegram\ext\_updater.py", line 377, in polling_action_cb
    updates = await self.bot.get_updates(
              ^^^^^^^^^^^^^^^^^^^^^^^^^^^
    ...<7 lines>...
    )
    ^
  File "C:\Users\Hanieh\AppData\Roaming\Python\Python313\site-packages\telegram\ext\_extbot.py", line 649, in get_updates
    updates = await super().get_updates(
              ^^^^^^^^^^^^^^^^^^^^^^^^^^
    ...<9 lines>...
    )
    ^
  File "C:\Users\Hanieh\AppData\Roaming\Python\Python313\site-packages\telegram\_bot.py", line 4366, in get_updates
    await self._post(
    ^^^^^^^^^^^^^^^^^
    ...<7 lines>...
    ),
    ^
  File "C:\Users\Hanieh\AppData\Roaming\Python\Python313\site-packages\telegram\_bot.py", line 623, in _post
    return await self._do_post(
           ^^^^^^^^^^^^^^^^^^^^
    ...<6 lines>...
    )
    ^
  File "C:\Users\Hanieh\AppData\Roaming\Python\Python313\site-packages\telegram\ext\_extbot.py", line 355, in _do_post
    return await super()._do_post(
           ^^^^^^^^^^^^^^^^^^^^^^^
    ...<6 lines>...
    )
    ^
  File "C:\Users\Hanieh\AppData\Roaming\Python\Python313\site-packages\telegram\_bot.py", line 652, in _do_post
    result = await request.post(
             ^^^^^^^^^^^^^^^^^^^
    ...<6 lines>...
    )
    ^
  File "C:\Users\Hanieh\AppData\Roaming\Python\Python313\site-packages\telegram\request\_baserequest.py", line 201, in post
    result = await self._request_wrapper(
             ^^^^^^^^^^^^^^^^^^^^^^^^^^^^
    ...<7 lines>...
    )
    ^
  File "C:\Users\Hanieh\AppData\Roaming\Python\Python313\site-packages\telegram\request\_baserequest.py", line 384, in _request_wrapper
    raise Conflict(message)
telegram.error.Conflict: Conflict: can't use getUpdates method while webhook is active; use deleteWebhook to delete the webhook first
2026-02-21 20:36:53,926 - httpx - INFO - HTTP Request: POST https://api.telegram.org/bot8416661246:AAEb0d-g188-zJiiP54-3AQ85LpJLHl9RUw/getUpdates "HTTP/1.1 200 OK"
2026-02-21 20:37:04,115 - httpx - INFO - HTTP Request: POST https://api.telegram.org/bot8416661246:AAEb0d-g188-zJiiP54-3AQ85LpJLHl9RUw/getUpdates "HTTP/1.1 200 OK"
2026-02-21 20:37:14,475 - httpx - INFO - HTTP Request: POST https://api.telegram.org/bot8416661246:AAEb0d-g188-zJiiP54-3AQ85LpJLHl9RUw/getUpdates "HTTP/1.1 200 OK"
2026-02-21 20:37:24,657 - httpx - INFO - HTTP Request: POST https://api.telegram.org/bot8416661246:AAEb0d-g188-zJiiP54-3AQ85LpJLHl9RUw/getUpdates "HTTP/1.1 200 OK"
2026-02-21 20:37:34,867 - httpx - INFO - HTTP Request: POST https://api.telegram.org/bot8416661246:AAEb0d-g188-zJiiP54-3AQ85LpJLHl9RUw/getUpdates "HTTP/1.1 200 OK"
2026-02-21 20:37:45,045 - httpx - INFO - HTTP Request: POST https://api.telegram.org/bot8416661246:AAEb0d-g188-zJiiP54-3AQ85LpJLHl9RUw/getUpdates "HTTP/1.1 200 OK"
2026-02-21 20:37:55,211 - httpx - INFO - HTTP Request: POST https://api.telegram.org/bot8416661246:AAEb0d-g188-zJiiP54-3AQ85LpJLHl9RUw/getUpdates "HTTP/1.1 200 OK"
2026-02-21 20:38:05,599 - httpx - INFO - HTTP Request: POST https://api.telegram.org/bot8416661246:AAEb0d-g188-zJiiP54-3AQ85LpJLHl9RUw/getUpdates "HTTP/1.1 200 OK"
2026-02-21 20:38:11,879 - telegram.ext.Application - ERROR - No error handlers are registered, logging exception.
Traceback (most recent call last):
  File "C:\Users\Hanieh\AppData\Roaming\Python\Python313\site-packages\httpx\_transports\default.py", line 72, in map_httpcore_exceptions
    yield
  File "C:\Users\Hanieh\AppData\Roaming\Python\Python313\site-packages\httpx\_transports\default.py", line 377, in handle_async_request
    resp = await self._pool.handle_async_request(req)
           ^^^^^^^^^^^^^^^^^^^^^^^^^^^^^^^^^^^^^^^^^^
  File "C:\Python313\Lib\site-packages\httpcore\_async\connection_pool.py", line 256, in handle_async_request
    raise exc from None
  File "C:\Python313\Lib\site-packages\httpcore\_async\connection_pool.py", line 236, in handle_async_request
    response = await connection.handle_async_request(
               ^^^^^^^^^^^^^^^^^^^^^^^^^^^^^^^^^^^^^^
        pool_request.request
        ^^^^^^^^^^^^^^^^^^^^
    )
    ^
  File "C:\Python313\Lib\site-packages\httpcore\_async\http_proxy.py", line 343, in handle_async_request
    return await self._connection.handle_async_request(request)
           ^^^^^^^^^^^^^^^^^^^^^^^^^^^^^^^^^^^^^^^^^^^^^^^^^^^^
  File "C:\Python313\Lib\site-packages\httpcore\_async\http11.py", line 136, in handle_async_request
    raise exc
  File "C:\Python313\Lib\site-packages\httpcore\_async\http11.py", line 106, in handle_async_request
    ) = await self._receive_response_headers(**kwargs)
        ^^^^^^^^^^^^^^^^^^^^^^^^^^^^^^^^^^^^^^^^^^^^^^
  File "C:\Python313\Lib\site-packages\httpcore\_async\http11.py", line 177, in _receive_response_headers
    event = await self._receive_event(timeout=timeout)
            ^^^^^^^^^^^^^^^^^^^^^^^^^^^^^^^^^^^^^^^^^^
  File "C:\Python313\Lib\site-packages\httpcore\_async\http11.py", line 217, in _receive_event
    data = await self._network_stream.read(
           ^^^^^^^^^^^^^^^^^^^^^^^^^^^^^^^^
        self.READ_NUM_BYTES, timeout=timeout
        ^^^^^^^^^^^^^^^^^^^^^^^^^^^^^^^^^^^^
    )
    ^
  File "C:\Python313\Lib\site-packages\httpcore\_backends\anyio.py", line 32, in read
    with map_exceptions(exc_map):
         ~~~~~~~~~~~~~~^^^^^^^^^
  File "C:\Python313\Lib\contextlib.py", line 162, in __exit__
    self.gen.throw(value)
    ~~~~~~~~~~~~~~^^^^^^^
  File "C:\Python313\Lib\site-packages\httpcore\_exceptions.py", line 14, in map_exceptions
    raise to_exc(exc) from exc
httpcore.ReadError

The above exception was the direct cause of the following exception:

Traceback (most recent call last):
  File "C:\Users\Hanieh\AppData\Roaming\Python\Python313\site-packages\telegram\request\_httpxrequest.py", line 292, in do_request
    res = await self._client.request(
          ^^^^^^^^^^^^^^^^^^^^^^^^^^^
    ...<6 lines>...
    )
    ^
  File "C:\Users\Hanieh\AppData\Roaming\Python\Python313\site-packages\httpx\_client.py", line 1585, in request
    return await self.send(request, auth=auth, follow_redirects=follow_redirects)
           ^^^^^^^^^^^^^^^^^^^^^^^^^^^^^^^^^^^^^^^^^^^^^^^^^^^^^^^^^^^^^^^^^^^^^^
  File "C:\Users\Hanieh\AppData\Roaming\Python\Python313\site-packages\httpx\_client.py", line 1674, in send
    response = await self._send_handling_auth(
               ^^^^^^^^^^^^^^^^^^^^^^^^^^^^^^^
    ...<4 lines>...
    )
    ^
  File "C:\Users\Hanieh\AppData\Roaming\Python\Python313\site-packages\httpx\_client.py", line 1702, in _send_handling_auth
    response = await self._send_handling_redirects(
               ^^^^^^^^^^^^^^^^^^^^^^^^^^^^^^^^^^^^
    ...<3 lines>...
    )
    ^
  File "C:\Users\Hanieh\AppData\Roaming\Python\Python313\site-packages\httpx\_client.py", line 1739, in _send_handling_redirects
    response = await self._send_single_request(request)
               ^^^^^^^^^^^^^^^^^^^^^^^^^^^^^^^^^^^^^^^^
  File "C:\Users\Hanieh\AppData\Roaming\Python\Python313\site-packages\httpx\_client.py", line 1776, in _send_single_request
    response = await transport.handle_async_request(request)
               ^^^^^^^^^^^^^^^^^^^^^^^^^^^^^^^^^^^^^^^^^^^^^
  File "C:\Users\Hanieh\AppData\Roaming\Python\Python313\site-packages\httpx\_transports\default.py", line 376, in handle_async_request
    with map_httpcore_exceptions():
         ~~~~~~~~~~~~~~~~~~~~~~~^^
  File "C:\Python313\Lib\contextlib.py", line 162, in __exit__
    self.gen.throw(value)
    ~~~~~~~~~~~~~~^^^^^^^
  File "C:\Users\Hanieh\AppData\Roaming\Python\Python313\site-packages\httpx\_transports\default.py", line 89, in map_httpcore_exceptions
    raise mapped_exc(message) from exc
httpx.ReadError

The above exception was the direct cause of the following exception:

Traceback (most recent call last):
  File "C:\Users\Hanieh\AppData\Roaming\Python\Python313\site-packages\telegram\ext\_updater.py", line 753, in _network_loop_retry
    if not await do_action():
           ^^^^^^^^^^^^^^^^^
  File "C:\Users\Hanieh\AppData\Roaming\Python\Python313\site-packages\telegram\ext\_updater.py", line 747, in do_action
    return action_cb_task.result()
           ~~~~~~~~~~~~~~~~~~~~~^^
  File "C:\Users\Hanieh\AppData\Roaming\Python\Python313\site-packages\telegram\ext\_updater.py", line 377, in polling_action_cb
    updates = await self.bot.get_updates(
              ^^^^^^^^^^^^^^^^^^^^^^^^^^^
    ...<7 lines>...
    )
    ^
  File "C:\Users\Hanieh\AppData\Roaming\Python\Python313\site-packages\telegram\ext\_extbot.py", line 649, in get_updates
    updates = await super().get_updates(
              ^^^^^^^^^^^^^^^^^^^^^^^^^^
    ...<9 lines>...
    )
    ^
  File "C:\Users\Hanieh\AppData\Roaming\Python\Python313\site-packages\telegram\_bot.py", line 4366, in get_updates
    await self._post(
    ^^^^^^^^^^^^^^^^^
    ...<7 lines>...
    ),
    ^
  File "C:\Users\Hanieh\AppData\Roaming\Python\Python313\site-packages\telegram\_bot.py", line 623, in _post
    return await self._do_post(
           ^^^^^^^^^^^^^^^^^^^^
    ...<6 lines>...
    )
    ^
  File "C:\Users\Hanieh\AppData\Roaming\Python\Python313\site-packages\telegram\ext\_extbot.py", line 355, in _do_post
    return await super()._do_post(
           ^^^^^^^^^^^^^^^^^^^^^^^
    ...<6 lines>...
    )
    ^
  File "C:\Users\Hanieh\AppData\Roaming\Python\Python313\site-packages\telegram\_bot.py", line 652, in _do_post
    result = await request.post(
             ^^^^^^^^^^^^^^^^^^^
    ...<6 lines>...
    )
    ^
  File "C:\Users\Hanieh\AppData\Roaming\Python\Python313\site-packages\telegram\request\_baserequest.py", line 201, in post
    result = await self._request_wrapper(
             ^^^^^^^^^^^^^^^^^^^^^^^^^^^^
    ...<7 lines>...
    )
    ^
  File "C:\Users\Hanieh\AppData\Roaming\Python\Python313\site-packages\telegram\request\_baserequest.py", line 333, in _request_wrapper
    code, payload = await self.do_request(
                    ^^^^^^^^^^^^^^^^^^^^^^
    ...<7 lines>...
    )
    ^
  File "C:\Users\Hanieh\AppData\Roaming\Python\Python313\site-packages\telegram\request\_httpxrequest.py", line 316, in do_request
    raise NetworkError(f"httpx.{err.__class__.__name__}: {err}") from err
telegram.error.NetworkError: httpx.ReadError: 
2026-02-21 21:33:52,503 - apscheduler.executors.default - INFO - Running job "cleanup_groups (trigger: interval[1:00:00], next run at: 2026-02-21 19:03:52 UTC)" (scheduled at 2026-02-21 18:03:52.488627+00:00)
2026-02-21 21:33:52,506 - apscheduler.executors.default - INFO - Job "cleanup_groups (trigger: interval[1:00:00], next run at: 2026-02-21 19:03:52 UTC)" executed successfully
2026-02-21 21:37:05,328 - telegram.ext.Application - ERROR - No error handlers are registered, logging exception.
Traceback (most recent call last):
  File "C:\Users\Hanieh\AppData\Roaming\Python\Python313\site-packages\httpx\_transports\default.py", line 72, in map_httpcore_exceptions
    yield
  File "C:\Users\Hanieh\AppData\Roaming\Python\Python313\site-packages\httpx\_transports\default.py", line 377, in handle_async_request
    resp = await self._pool.handle_async_request(req)
           ^^^^^^^^^^^^^^^^^^^^^^^^^^^^^^^^^^^^^^^^^^
  File "C:\Python313\Lib\site-packages\httpcore\_async\connection_pool.py", line 256, in handle_async_request
    raise exc from None
  File "C:\Python313\Lib\site-packages\httpcore\_async\connection_pool.py", line 236, in handle_async_request
    response = await connection.handle_async_request(
               ^^^^^^^^^^^^^^^^^^^^^^^^^^^^^^^^^^^^^^
        pool_request.request
        ^^^^^^^^^^^^^^^^^^^^
    )
    ^
  File "C:\Python313\Lib\site-packages\httpcore\_async\http_proxy.py", line 288, in handle_async_request
    connect_response = await self._connection.handle_async_request(
                       ^^^^^^^^^^^^^^^^^^^^^^^^^^^^^^^^^^^^^^^^^^^^
        connect_request
        ^^^^^^^^^^^^^^^
    )
    ^
  File "C:\Python313\Lib\site-packages\httpcore\_async\connection.py", line 101, in handle_async_request
    raise exc
  File "C:\Python313\Lib\site-packages\httpcore\_async\connection.py", line 78, in handle_async_request
    stream = await self._connect(request)
             ^^^^^^^^^^^^^^^^^^^^^^^^^^^^
  File "C:\Python313\Lib\site-packages\httpcore\_async\connection.py", line 124, in _connect
    stream = await self._network_backend.connect_tcp(**kwargs)
             ^^^^^^^^^^^^^^^^^^^^^^^^^^^^^^^^^^^^^^^^^^^^^^^^^
  File "C:\Python313\Lib\site-packages\httpcore\_backends\auto.py", line 31, in connect_tcp
    return await self._backend.connect_tcp(
           ^^^^^^^^^^^^^^^^^^^^^^^^^^^^^^^^
    ...<5 lines>...
    )
    ^
  File "C:\Python313\Lib\site-packages\httpcore\_backends\anyio.py", line 113, in connect_tcp
    with map_exceptions(exc_map):
         ~~~~~~~~~~~~~~^^^^^^^^^
  File "C:\Python313\Lib\contextlib.py", line 162, in __exit__
    self.gen.throw(value)
    ~~~~~~~~~~~~~~^^^^^^^
  File "C:\Python313\Lib\site-packages\httpcore\_exceptions.py", line 14, in map_exceptions
    raise to_exc(exc) from exc
httpcore.ConnectError: All connection attempts failed

The above exception was the direct cause of the following exception:

Traceback (most recent call last):
  File "C:\Users\Hanieh\AppData\Roaming\Python\Python313\site-packages\telegram\request\_httpxrequest.py", line 292, in do_request
    res = await self._client.request(
          ^^^^^^^^^^^^^^^^^^^^^^^^^^^
    ...<6 lines>...
    )
    ^
  File "C:\Users\Hanieh\AppData\Roaming\Python\Python313\site-packages\httpx\_client.py", line 1585, in request
    return await self.send(request, auth=auth, follow_redirects=follow_redirects)
           ^^^^^^^^^^^^^^^^^^^^^^^^^^^^^^^^^^^^^^^^^^^^^^^^^^^^^^^^^^^^^^^^^^^^^^
  File "C:\Users\Hanieh\AppData\Roaming\Python\Python313\site-packages\httpx\_client.py", line 1674, in send
    response = await self._send_handling_auth(
               ^^^^^^^^^^^^^^^^^^^^^^^^^^^^^^^
    ...<4 lines>...
    )
    ^
  File "C:\Users\Hanieh\AppData\Roaming\Python\Python313\site-packages\httpx\_client.py", line 1702, in _send_handling_auth
    response = await self._send_handling_redirects(
               ^^^^^^^^^^^^^^^^^^^^^^^^^^^^^^^^^^^^
    ...<3 lines>...
    )
    ^
  File "C:\Users\Hanieh\AppData\Roaming\Python\Python313\site-packages\httpx\_client.py", line 1739, in _send_handling_redirects
    response = await self._send_single_request(request)
               ^^^^^^^^^^^^^^^^^^^^^^^^^^^^^^^^^^^^^^^^
  File "C:\Users\Hanieh\AppData\Roaming\Python\Python313\site-packages\httpx\_client.py", line 1776, in _send_single_request
    response = await transport.handle_async_request(request)
               ^^^^^^^^^^^^^^^^^^^^^^^^^^^^^^^^^^^^^^^^^^^^^
  File "C:\Users\Hanieh\AppData\Roaming\Python\Python313\site-packages\httpx\_transports\default.py", line 376, in handle_async_request
    with map_httpcore_exceptions():
         ~~~~~~~~~~~~~~~~~~~~~~~^^
  File "C:\Python313\Lib\contextlib.py", line 162, in __exit__
    self.gen.throw(value)
    ~~~~~~~~~~~~~~^^^^^^^
  File "C:\Users\Hanieh\AppData\Roaming\Python\Python313\site-packages\httpx\_transports\default.py", line 89, in map_httpcore_exceptions
    raise mapped_exc(message) from exc
httpx.ConnectError: All connection attempts failed

The above exception was the direct cause of the following exception:

Traceback (most recent call last):
  File "C:\Users\Hanieh\AppData\Roaming\Python\Python313\site-packages\telegram\ext\_updater.py", line 753, in _network_loop_retry
    if not await do_action():
           ^^^^^^^^^^^^^^^^^
  File "C:\Users\Hanieh\AppData\Roaming\Python\Python313\site-packages\telegram\ext\_updater.py", line 747, in do_action
    return action_cb_task.result()
           ~~~~~~~~~~~~~~~~~~~~~^^
  File "C:\Users\Hanieh\AppData\Roaming\Python\Python313\site-packages\telegram\ext\_updater.py", line 377, in polling_action_cb
    updates = await self.bot.get_updates(
              ^^^^^^^^^^^^^^^^^^^^^^^^^^^
    ...<7 lines>...
    )
    ^
  File "C:\Users\Hanieh\AppData\Roaming\Python\Python313\site-packages\telegram\ext\_extbot.py", line 649, in get_updates
    updates = await super().get_updates(
              ^^^^^^^^^^^^^^^^^^^^^^^^^^
    ...<9 lines>...
    )
    ^
  File "C:\Users\Hanieh\AppData\Roaming\Python\Python313\site-packages\telegram\_bot.py", line 4366, in get_updates
    await self._post(
    ^^^^^^^^^^^^^^^^^
    ...<7 lines>...
    ),
    ^
  File "C:\Users\Hanieh\AppData\Roaming\Python\Python313\site-packages\telegram\_bot.py", line 623, in _post
    return await self._do_post(
           ^^^^^^^^^^^^^^^^^^^^
    ...<6 lines>...
    )
    ^
  File "C:\Users\Hanieh\AppData\Roaming\Python\Python313\site-packages\telegram\ext\_extbot.py", line 355, in _do_post
    return await super()._do_post(
           ^^^^^^^^^^^^^^^^^^^^^^^
    ...<6 lines>...
    )
    ^
  File "C:\Users\Hanieh\AppData\Roaming\Python\Python313\site-packages\telegram\_bot.py", line 652, in _do_post
    result = await request.post(
             ^^^^^^^^^^^^^^^^^^^
    ...<6 lines>...
    )
    ^
  File "C:\Users\Hanieh\AppData\Roaming\Python\Python313\site-packages\telegram\request\_baserequest.py", line 201, in post
    result = await self._request_wrapper(
             ^^^^^^^^^^^^^^^^^^^^^^^^^^^^
    ...<7 lines>...
    )
    ^
  File "C:\Users\Hanieh\AppData\Roaming\Python\Python313\site-packages\telegram\request\_baserequest.py", line 333, in _request_wrapper
    code, payload = await self.do_request(
                    ^^^^^^^^^^^^^^^^^^^^^^
    ...<7 lines>...
    )
    ^
  File "C:\Users\Hanieh\AppData\Roaming\Python\Python313\site-packages\telegram\request\_httpxrequest.py", line 316, in do_request
    raise NetworkError(f"httpx.{err.__class__.__name__}: {err}") from err
telegram.error.NetworkError: httpx.ConnectError: All connection attempts failed
2026-02-21 21:37:06,334 - telegram.ext.Application - ERROR - No error handlers are registered, logging exception.
Traceback (most recent call last):
  File "C:\Users\Hanieh\AppData\Roaming\Python\Python313\site-packages\httpx\_transports\default.py", line 72, in map_httpcore_exceptions
    yield
  File "C:\Users\Hanieh\AppData\Roaming\Python\Python313\site-packages\httpx\_transports\default.py", line 377, in handle_async_request
    resp = await self._pool.handle_async_request(req)
           ^^^^^^^^^^^^^^^^^^^^^^^^^^^^^^^^^^^^^^^^^^
  File "C:\Python313\Lib\site-packages\httpcore\_async\connection_pool.py", line 256, in handle_async_request
    raise exc from None
  File "C:\Python313\Lib\site-packages\httpcore\_async\connection_pool.py", line 236, in handle_async_request
    response = await connection.handle_async_request(
               ^^^^^^^^^^^^^^^^^^^^^^^^^^^^^^^^^^^^^^
        pool_request.request
        ^^^^^^^^^^^^^^^^^^^^
    )
    ^
  File "C:\Python313\Lib\site-packages\httpcore\_async\http_proxy.py", line 288, in handle_async_request
    connect_response = await self._connection.handle_async_request(
                       ^^^^^^^^^^^^^^^^^^^^^^^^^^^^^^^^^^^^^^^^^^^^
        connect_request
        ^^^^^^^^^^^^^^^
    )
    ^
  File "C:\Python313\Lib\site-packages\httpcore\_async\connection.py", line 101, in handle_async_request
    raise exc
  File "C:\Python313\Lib\site-packages\httpcore\_async\connection.py", line 78, in handle_async_request
    stream = await self._connect(request)
             ^^^^^^^^^^^^^^^^^^^^^^^^^^^^
  File "C:\Python313\Lib\site-packages\httpcore\_async\connection.py", line 124, in _connect
    stream = await self._network_backend.connect_tcp(**kwargs)
             ^^^^^^^^^^^^^^^^^^^^^^^^^^^^^^^^^^^^^^^^^^^^^^^^^
  File "C:\Python313\Lib\site-packages\httpcore\_backends\auto.py", line 31, in connect_tcp
    return await self._backend.connect_tcp(
           ^^^^^^^^^^^^^^^^^^^^^^^^^^^^^^^^
    ...<5 lines>...
    )
    ^
  File "C:\Python313\Lib\site-packages\httpcore\_backends\anyio.py", line 113, in connect_tcp
    with map_exceptions(exc_map):
         ~~~~~~~~~~~~~~^^^^^^^^^
  File "C:\Python313\Lib\contextlib.py", line 162, in __exit__
    self.gen.throw(value)
    ~~~~~~~~~~~~~~^^^^^^^
  File "C:\Python313\Lib\site-packages\httpcore\_exceptions.py", line 14, in map_exceptions
    raise to_exc(exc) from exc
httpcore.ConnectError: All connection attempts failed

The above exception was the direct cause of the following exception:

Traceback (most recent call last):
  File "C:\Users\Hanieh\AppData\Roaming\Python\Python313\site-packages\telegram\request\_httpxrequest.py", line 292, in do_request
    res = await self._client.request(
          ^^^^^^^^^^^^^^^^^^^^^^^^^^^
    ...<6 lines>...
    )
    ^
  File "C:\Users\Hanieh\AppData\Roaming\Python\Python313\site-packages\httpx\_client.py", line 1585, in request
    return await self.send(request, auth=auth, follow_redirects=follow_redirects)
           ^^^^^^^^^^^^^^^^^^^^^^^^^^^^^^^^^^^^^^^^^^^^^^^^^^^^^^^^^^^^^^^^^^^^^^
  File "C:\Users\Hanieh\AppData\Roaming\Python\Python313\site-packages\httpx\_client.py", line 1674, in send
    response = await self._send_handling_auth(
               ^^^^^^^^^^^^^^^^^^^^^^^^^^^^^^^
    ...<4 lines>...
    )
    ^
  File "C:\Users\Hanieh\AppData\Roaming\Python\Python313\site-packages\httpx\_client.py", line 1702, in _send_handling_auth
    response = await self._send_handling_redirects(
               ^^^^^^^^^^^^^^^^^^^^^^^^^^^^^^^^^^^^
    ...<3 lines>...
    )
    ^
  File "C:\Users\Hanieh\AppData\Roaming\Python\Python313\site-packages\httpx\_client.py", line 1739, in _send_handling_redirects
    response = await self._send_single_request(request)
               ^^^^^^^^^^^^^^^^^^^^^^^^^^^^^^^^^^^^^^^^
  File "C:\Users\Hanieh\AppData\Roaming\Python\Python313\site-packages\httpx\_client.py", line 1776, in _send_single_request
    response = await transport.handle_async_request(request)
               ^^^^^^^^^^^^^^^^^^^^^^^^^^^^^^^^^^^^^^^^^^^^^
  File "C:\Users\Hanieh\AppData\Roaming\Python\Python313\site-packages\httpx\_transports\default.py", line 376, in handle_async_request
    with map_httpcore_exceptions():
         ~~~~~~~~~~~~~~~~~~~~~~~^^
  File "C:\Python313\Lib\contextlib.py", line 162, in __exit__
    self.gen.throw(value)
    ~~~~~~~~~~~~~~^^^^^^^
  File "C:\Users\Hanieh\AppData\Roaming\Python\Python313\site-packages\httpx\_transports\default.py", line 89, in map_httpcore_exceptions
    raise mapped_exc(message) from exc
httpx.ConnectError: All connection attempts failed

The above exception was the direct cause of the following exception:

Traceback (most recent call last):
  File "C:\Users\Hanieh\AppData\Roaming\Python\Python313\site-packages\telegram\ext\_updater.py", line 753, in _network_loop_retry
    if not await do_action():
           ^^^^^^^^^^^^^^^^^
  File "C:\Users\Hanieh\AppData\Roaming\Python\Python313\site-packages\telegram\ext\_updater.py", line 747, in do_action
    return action_cb_task.result()
           ~~~~~~~~~~~~~~~~~~~~~^^
  File "C:\Users\Hanieh\AppData\Roaming\Python\Python313\site-packages\telegram\ext\_updater.py", line 377, in polling_action_cb
    updates = await self.bot.get_updates(
              ^^^^^^^^^^^^^^^^^^^^^^^^^^^
    ...<7 lines>...
    )
    ^
  File "C:\Users\Hanieh\AppData\Roaming\Python\Python313\site-packages\telegram\ext\_extbot.py", line 649, in get_updates
    updates = await super().get_updates(
              ^^^^^^^^^^^^^^^^^^^^^^^^^^
    ...<9 lines>...
    )
    ^
  File "C:\Users\Hanieh\AppData\Roaming\Python\Python313\site-packages\telegram\_bot.py", line 4366, in get_updates
    await self._post(
    ^^^^^^^^^^^^^^^^^
    ...<7 lines>...
    ),
    ^
  File "C:\Users\Hanieh\AppData\Roaming\Python\Python313\site-packages\telegram\_bot.py", line 623, in _post
    return await self._do_post(
           ^^^^^^^^^^^^^^^^^^^^
    ...<6 lines>...
    )
    ^
  File "C:\Users\Hanieh\AppData\Roaming\Python\Python313\site-packages\telegram\ext\_extbot.py", line 355, in _do_post
    return await super()._do_post(
           ^^^^^^^^^^^^^^^^^^^^^^^
    ...<6 lines>...
    )
    ^
  File "C:\Users\Hanieh\AppData\Roaming\Python\Python313\site-packages\telegram\_bot.py", line 652, in _do_post
    result = await request.post(
             ^^^^^^^^^^^^^^^^^^^
    ...<6 lines>...
    )
    ^
  File "C:\Users\Hanieh\AppData\Roaming\Python\Python313\site-packages\telegram\request\_baserequest.py", line 201, in post
    result = await self._request_wrapper(
             ^^^^^^^^^^^^^^^^^^^^^^^^^^^^
    ...<7 lines>...
    )
    ^
  File "C:\Users\Hanieh\AppData\Roaming\Python\Python313\site-packages\telegram\request\_baserequest.py", line 333, in _request_wrapper
    code, payload = await self.do_request(
                    ^^^^^^^^^^^^^^^^^^^^^^
    ...<7 lines>...
    )
    ^
  File "C:\Users\Hanieh\AppData\Roaming\Python\Python313\site-packages\telegram\request\_httpxrequest.py", line 316, in do_request
    raise NetworkError(f"httpx.{err.__class__.__name__}: {err}") from err
telegram.error.NetworkError: httpx.ConnectError: All connection attempts failed
2026-02-21 21:37:38,767 - telegram.ext.Application - ERROR - No error handlers are registered, logging exception.
Traceback (most recent call last):
  File "C:\Users\Hanieh\AppData\Roaming\Python\Python313\site-packages\httpx\_transports\default.py", line 72, in map_httpcore_exceptions
    yield
  File "C:\Users\Hanieh\AppData\Roaming\Python\Python313\site-packages\httpx\_transports\default.py", line 377, in handle_async_request
    resp = await self._pool.handle_async_request(req)
           ^^^^^^^^^^^^^^^^^^^^^^^^^^^^^^^^^^^^^^^^^^
  File "C:\Python313\Lib\site-packages\httpcore\_async\connection_pool.py", line 256, in handle_async_request
    raise exc from None
  File "C:\Python313\Lib\site-packages\httpcore\_async\connection_pool.py", line 236, in handle_async_request
    response = await connection.handle_async_request(
               ^^^^^^^^^^^^^^^^^^^^^^^^^^^^^^^^^^^^^^
        pool_request.request
        ^^^^^^^^^^^^^^^^^^^^
    )
    ^
  File "C:\Python313\Lib\site-packages\httpcore\_async\http_proxy.py", line 288, in handle_async_request
    connect_response = await self._connection.handle_async_request(
                       ^^^^^^^^^^^^^^^^^^^^^^^^^^^^^^^^^^^^^^^^^^^^
        connect_request
        ^^^^^^^^^^^^^^^
    )
    ^
  File "C:\Python313\Lib\site-packages\httpcore\_async\connection.py", line 103, in handle_async_request
    return await self._connection.handle_async_request(request)
           ^^^^^^^^^^^^^^^^^^^^^^^^^^^^^^^^^^^^^^^^^^^^^^^^^^^^
  File "C:\Python313\Lib\site-packages\httpcore\_async\http11.py", line 136, in handle_async_request
    raise exc
  File "C:\Python313\Lib\site-packages\httpcore\_async\http11.py", line 106, in handle_async_request
    ) = await self._receive_response_headers(**kwargs)
        ^^^^^^^^^^^^^^^^^^^^^^^^^^^^^^^^^^^^^^^^^^^^^^
  File "C:\Python313\Lib\site-packages\httpcore\_async\http11.py", line 177, in _receive_response_headers
    event = await self._receive_event(timeout=timeout)
            ^^^^^^^^^^^^^^^^^^^^^^^^^^^^^^^^^^^^^^^^^^
  File "C:\Python313\Lib\site-packages\httpcore\_async\http11.py", line 217, in _receive_event
    data = await self._network_stream.read(
           ^^^^^^^^^^^^^^^^^^^^^^^^^^^^^^^^
        self.READ_NUM_BYTES, timeout=timeout
        ^^^^^^^^^^^^^^^^^^^^^^^^^^^^^^^^^^^^
    )
    ^
  File "C:\Python313\Lib\site-packages\httpcore\_backends\anyio.py", line 32, in read
    with map_exceptions(exc_map):
         ~~~~~~~~~~~~~~^^^^^^^^^
  File "C:\Python313\Lib\contextlib.py", line 162, in __exit__
    self.gen.throw(value)
    ~~~~~~~~~~~~~~^^^^^^^
  File "C:\Python313\Lib\site-packages\httpcore\_exceptions.py", line 14, in map_exceptions
    raise to_exc(exc) from exc
httpcore.ReadError

The above exception was the direct cause of the following exception:

Traceback (most recent call last):
  File "C:\Users\Hanieh\AppData\Roaming\Python\Python313\site-packages\telegram\request\_httpxrequest.py", line 292, in do_request
    res = await self._client.request(
          ^^^^^^^^^^^^^^^^^^^^^^^^^^^
    ...<6 lines>...
    )
    ^
  File "C:\Users\Hanieh\AppData\Roaming\Python\Python313\site-packages\httpx\_client.py", line 1585, in request
    return await self.send(request, auth=auth, follow_redirects=follow_redirects)
           ^^^^^^^^^^^^^^^^^^^^^^^^^^^^^^^^^^^^^^^^^^^^^^^^^^^^^^^^^^^^^^^^^^^^^^
  File "C:\Users\Hanieh\AppData\Roaming\Python\Python313\site-packages\httpx\_client.py", line 1674, in send
    response = await self._send_handling_auth(
               ^^^^^^^^^^^^^^^^^^^^^^^^^^^^^^^
    ...<4 lines>...
    )
    ^
  File "C:\Users\Hanieh\AppData\Roaming\Python\Python313\site-packages\httpx\_client.py", line 1702, in _send_handling_auth
    response = await self._send_handling_redirects(
               ^^^^^^^^^^^^^^^^^^^^^^^^^^^^^^^^^^^^
    ...<3 lines>...
    )
    ^
  File "C:\Users\Hanieh\AppData\Roaming\Python\Python313\site-packages\httpx\_client.py", line 1739, in _send_handling_redirects
    response = await self._send_single_request(request)
               ^^^^^^^^^^^^^^^^^^^^^^^^^^^^^^^^^^^^^^^^
  File "C:\Users\Hanieh\AppData\Roaming\Python\Python313\site-packages\httpx\_client.py", line 1776, in _send_single_request
    response = await transport.handle_async_request(request)
               ^^^^^^^^^^^^^^^^^^^^^^^^^^^^^^^^^^^^^^^^^^^^^
  File "C:\Users\Hanieh\AppData\Roaming\Python\Python313\site-packages\httpx\_transports\default.py", line 376, in handle_async_request
    with map_httpcore_exceptions():
         ~~~~~~~~~~~~~~~~~~~~~~~^^
  File "C:\Python313\Lib\contextlib.py", line 162, in __exit__
    self.gen.throw(value)
    ~~~~~~~~~~~~~~^^^^^^^
  File "C:\Users\Hanieh\AppData\Roaming\Python\Python313\site-packages\httpx\_transports\default.py", line 89, in map_httpcore_exceptions
    raise mapped_exc(message) from exc
httpx.ReadError

The above exception was the direct cause of the following exception:

Traceback (most recent call last):
  File "C:\Users\Hanieh\AppData\Roaming\Python\Python313\site-packages\telegram\ext\_updater.py", line 753, in _network_loop_retry
    if not await do_action():
           ^^^^^^^^^^^^^^^^^
  File "C:\Users\Hanieh\AppData\Roaming\Python\Python313\site-packages\telegram\ext\_updater.py", line 747, in do_action
    return action_cb_task.result()
           ~~~~~~~~~~~~~~~~~~~~~^^
  File "C:\Users\Hanieh\AppData\Roaming\Python\Python313\site-packages\telegram\ext\_updater.py", line 377, in polling_action_cb
    updates = await self.bot.get_updates(
              ^^^^^^^^^^^^^^^^^^^^^^^^^^^
    ...<7 lines>...
    )
    ^
  File "C:\Users\Hanieh\AppData\Roaming\Python\Python313\site-packages\telegram\ext\_extbot.py", line 649, in get_updates
    updates = await super().get_updates(
              ^^^^^^^^^^^^^^^^^^^^^^^^^^
    ...<9 lines>...
    )
    ^
  File "C:\Users\Hanieh\AppData\Roaming\Python\Python313\site-packages\telegram\_bot.py", line 4366, in get_updates
    await self._post(
    ^^^^^^^^^^^^^^^^^
    ...<7 lines>...
    ),
    ^
  File "C:\Users\Hanieh\AppData\Roaming\Python\Python313\site-packages\telegram\_bot.py", line 623, in _post
    return await self._do_post(
           ^^^^^^^^^^^^^^^^^^^^
    ...<6 lines>...
    )
    ^
  File "C:\Users\Hanieh\AppData\Roaming\Python\Python313\site-packages\telegram\ext\_extbot.py", line 355, in _do_post
    return await super()._do_post(
           ^^^^^^^^^^^^^^^^^^^^^^^
    ...<6 lines>...
    )
    ^
  File "C:\Users\Hanieh\AppData\Roaming\Python\Python313\site-packages\telegram\_bot.py", line 652, in _do_post
    result = await request.post(
             ^^^^^^^^^^^^^^^^^^^
    ...<6 lines>...
    )
    ^
  File "C:\Users\Hanieh\AppData\Roaming\Python\Python313\site-packages\telegram\request\_baserequest.py", line 201, in post
    result = await self._request_wrapper(
             ^^^^^^^^^^^^^^^^^^^^^^^^^^^^
    ...<7 lines>...
    )
    ^
  File "C:\Users\Hanieh\AppData\Roaming\Python\Python313\site-packages\telegram\request\_baserequest.py", line 333, in _request_wrapper
    code, payload = await self.do_request(
                    ^^^^^^^^^^^^^^^^^^^^^^
    ...<7 lines>...
    )
    ^
  File "C:\Users\Hanieh\AppData\Roaming\Python\Python313\site-packages\telegram\request\_httpxrequest.py", line 316, in do_request
    raise NetworkError(f"httpx.{err.__class__.__name__}: {err}") from err
telegram.error.NetworkError: httpx.ReadError: 
2026-02-21 21:37:39,775 - telegram.ext.Application - ERROR - No error handlers are registered, logging exception.
Traceback (most recent call last):
  File "C:\Users\Hanieh\AppData\Roaming\Python\Python313\site-packages\httpx\_transports\default.py", line 72, in map_httpcore_exceptions
    yield
  File "C:\Users\Hanieh\AppData\Roaming\Python\Python313\site-packages\httpx\_transports\default.py", line 377, in handle_async_request
    resp = await self._pool.handle_async_request(req)
           ^^^^^^^^^^^^^^^^^^^^^^^^^^^^^^^^^^^^^^^^^^
  File "C:\Python313\Lib\site-packages\httpcore\_async\connection_pool.py", line 256, in handle_async_request
    raise exc from None
  File "C:\Python313\Lib\site-packages\httpcore\_async\connection_pool.py", line 236, in handle_async_request
    response = await connection.handle_async_request(
               ^^^^^^^^^^^^^^^^^^^^^^^^^^^^^^^^^^^^^^
        pool_request.request
        ^^^^^^^^^^^^^^^^^^^^
    )
    ^
  File "C:\Python313\Lib\site-packages\httpcore\_async\http_proxy.py", line 288, in handle_async_request
    connect_response = await self._connection.handle_async_request(
                       ^^^^^^^^^^^^^^^^^^^^^^^^^^^^^^^^^^^^^^^^^^^^
        connect_request
        ^^^^^^^^^^^^^^^
    )
    ^
  File "C:\Python313\Lib\site-packages\httpcore\_async\connection.py", line 101, in handle_async_request
    raise exc
  File "C:\Python313\Lib\site-packages\httpcore\_async\connection.py", line 78, in handle_async_request
    stream = await self._connect(request)
             ^^^^^^^^^^^^^^^^^^^^^^^^^^^^
  File "C:\Python313\Lib\site-packages\httpcore\_async\connection.py", line 124, in _connect
    stream = await self._network_backend.connect_tcp(**kwargs)
             ^^^^^^^^^^^^^^^^^^^^^^^^^^^^^^^^^^^^^^^^^^^^^^^^^
  File "C:\Python313\Lib\site-packages\httpcore\_backends\auto.py", line 31, in connect_tcp
    return await self._backend.connect_tcp(
           ^^^^^^^^^^^^^^^^^^^^^^^^^^^^^^^^
    ...<5 lines>...
    )
    ^
  File "C:\Python313\Lib\site-packages\httpcore\_backends\anyio.py", line 113, in connect_tcp
    with map_exceptions(exc_map):
         ~~~~~~~~~~~~~~^^^^^^^^^
  File "C:\Python313\Lib\contextlib.py", line 162, in __exit__
    self.gen.throw(value)
    ~~~~~~~~~~~~~~^^^^^^^
  File "C:\Python313\Lib\site-packages\httpcore\_exceptions.py", line 14, in map_exceptions
    raise to_exc(exc) from exc
httpcore.ConnectError: All connection attempts failed

The above exception was the direct cause of the following exception:

Traceback (most recent call last):
  File "C:\Users\Hanieh\AppData\Roaming\Python\Python313\site-packages\telegram\request\_httpxrequest.py", line 292, in do_request
    res = await self._client.request(
          ^^^^^^^^^^^^^^^^^^^^^^^^^^^
    ...<6 lines>...
    )
    ^
  File "C:\Users\Hanieh\AppData\Roaming\Python\Python313\site-packages\httpx\_client.py", line 1585, in request
    return await self.send(request, auth=auth, follow_redirects=follow_redirects)
           ^^^^^^^^^^^^^^^^^^^^^^^^^^^^^^^^^^^^^^^^^^^^^^^^^^^^^^^^^^^^^^^^^^^^^^
  File "C:\Users\Hanieh\AppData\Roaming\Python\Python313\site-packages\httpx\_client.py", line 1674, in send
    response = await self._send_handling_auth(
               ^^^^^^^^^^^^^^^^^^^^^^^^^^^^^^^
    ...<4 lines>...
    )
    ^
  File "C:\Users\Hanieh\AppData\Roaming\Python\Python313\site-packages\httpx\_client.py", line 1702, in _send_handling_auth
    response = await self._send_handling_redirects(
               ^^^^^^^^^^^^^^^^^^^^^^^^^^^^^^^^^^^^
    ...<3 lines>...
    )
    ^
  File "C:\Users\Hanieh\AppData\Roaming\Python\Python313\site-packages\httpx\_client.py", line 1739, in _send_handling_redirects
    response = await self._send_single_request(request)
               ^^^^^^^^^^^^^^^^^^^^^^^^^^^^^^^^^^^^^^^^
  File "C:\Users\Hanieh\AppData\Roaming\Python\Python313\site-packages\httpx\_client.py", line 1776, in _send_single_request
    response = await transport.handle_async_request(request)
               ^^^^^^^^^^^^^^^^^^^^^^^^^^^^^^^^^^^^^^^^^^^^^
  File "C:\Users\Hanieh\AppData\Roaming\Python\Python313\site-packages\httpx\_transports\default.py", line 376, in handle_async_request
    with map_httpcore_exceptions():
         ~~~~~~~~~~~~~~~~~~~~~~~^^
  File "C:\Python313\Lib\contextlib.py", line 162, in __exit__
    self.gen.throw(value)
    ~~~~~~~~~~~~~~^^^^^^^
  File "C:\Users\Hanieh\AppData\Roaming\Python\Python313\site-packages\httpx\_transports\default.py", line 89, in map_httpcore_exceptions
    raise mapped_exc(message) from exc
httpx.ConnectError: All connection attempts failed

The above exception was the direct cause of the following exception:

Traceback (most recent call last):
  File "C:\Users\Hanieh\AppData\Roaming\Python\Python313\site-packages\telegram\ext\_updater.py", line 753, in _network_loop_retry
    if not await do_action():
           ^^^^^^^^^^^^^^^^^
  File "C:\Users\Hanieh\AppData\Roaming\Python\Python313\site-packages\telegram\ext\_updater.py", line 747, in do_action
    return action_cb_task.result()
           ~~~~~~~~~~~~~~~~~~~~~^^
  File "C:\Users\Hanieh\AppData\Roaming\Python\Python313\site-packages\telegram\ext\_updater.py", line 377, in polling_action_cb
    updates = await self.bot.get_updates(
              ^^^^^^^^^^^^^^^^^^^^^^^^^^^
    ...<7 lines>...
    )
    ^
  File "C:\Users\Hanieh\AppData\Roaming\Python\Python313\site-packages\telegram\ext\_extbot.py", line 649, in get_updates
    updates = await super().get_updates(
              ^^^^^^^^^^^^^^^^^^^^^^^^^^
    ...<9 lines>...
    )
    ^
  File "C:\Users\Hanieh\AppData\Roaming\Python\Python313\site-packages\telegram\_bot.py", line 4366, in get_updates
    await self._post(
    ^^^^^^^^^^^^^^^^^
    ...<7 lines>...
    ),
    ^
  File "C:\Users\Hanieh\AppData\Roaming\Python\Python313\site-packages\telegram\_bot.py", line 623, in _post
    return await self._do_post(
           ^^^^^^^^^^^^^^^^^^^^
    ...<6 lines>...
    )
    ^
  File "C:\Users\Hanieh\AppData\Roaming\Python\Python313\site-packages\telegram\ext\_extbot.py", line 355, in _do_post
    return await super()._do_post(
           ^^^^^^^^^^^^^^^^^^^^^^^
    ...<6 lines>...
    )
    ^
  File "C:\Users\Hanieh\AppData\Roaming\Python\Python313\site-packages\telegram\_bot.py", line 652, in _do_post
    result = await request.post(
             ^^^^^^^^^^^^^^^^^^^
    ...<6 lines>...
    )
    ^
  File "C:\Users\Hanieh\AppData\Roaming\Python\Python313\site-packages\telegram\request\_baserequest.py", line 201, in post
    result = await self._request_wrapper(
             ^^^^^^^^^^^^^^^^^^^^^^^^^^^^
    ...<7 lines>...
    )
    ^
  File "C:\Users\Hanieh\AppData\Roaming\Python\Python313\site-packages\telegram\request\_baserequest.py", line 333, in _request_wrapper
    code, payload = await self.do_request(
                    ^^^^^^^^^^^^^^^^^^^^^^
    ...<7 lines>...
    )
    ^
  File "C:\Users\Hanieh\AppData\Roaming\Python\Python313\site-packages\telegram\request\_httpxrequest.py", line 316, in do_request
    raise NetworkError(f"httpx.{err.__class__.__name__}: {err}") from err
telegram.error.NetworkError: httpx.ConnectError: All connection attempts failed
2026-02-21 21:37:41,284 - telegram.ext.Application - ERROR - No error handlers are registered, logging exception.
Traceback (most recent call last):
  File "C:\Users\Hanieh\AppData\Roaming\Python\Python313\site-packages\httpx\_transports\default.py", line 72, in map_httpcore_exceptions
    yield
  File "C:\Users\Hanieh\AppData\Roaming\Python\Python313\site-packages\httpx\_transports\default.py", line 377, in handle_async_request
    resp = await self._pool.handle_async_request(req)
           ^^^^^^^^^^^^^^^^^^^^^^^^^^^^^^^^^^^^^^^^^^
  File "C:\Python313\Lib\site-packages\httpcore\_async\connection_pool.py", line 256, in handle_async_request
    raise exc from None
  File "C:\Python313\Lib\site-packages\httpcore\_async\connection_pool.py", line 236, in handle_async_request
    response = await connection.handle_async_request(
               ^^^^^^^^^^^^^^^^^^^^^^^^^^^^^^^^^^^^^^
        pool_request.request
        ^^^^^^^^^^^^^^^^^^^^
    )
    ^
  File "C:\Python313\Lib\site-packages\httpcore\_async\http_proxy.py", line 288, in handle_async_request
    connect_response = await self._connection.handle_async_request(
                       ^^^^^^^^^^^^^^^^^^^^^^^^^^^^^^^^^^^^^^^^^^^^
        connect_request
        ^^^^^^^^^^^^^^^
    )
    ^
  File "C:\Python313\Lib\site-packages\httpcore\_async\connection.py", line 101, in handle_async_request
    raise exc
  File "C:\Python313\Lib\site-packages\httpcore\_async\connection.py", line 78, in handle_async_request
    stream = await self._connect(request)
             ^^^^^^^^^^^^^^^^^^^^^^^^^^^^
  File "C:\Python313\Lib\site-packages\httpcore\_async\connection.py", line 124, in _connect
    stream = await self._network_backend.connect_tcp(**kwargs)
             ^^^^^^^^^^^^^^^^^^^^^^^^^^^^^^^^^^^^^^^^^^^^^^^^^
  File "C:\Python313\Lib\site-packages\httpcore\_backends\auto.py", line 31, in connect_tcp
    return await self._backend.connect_tcp(
           ^^^^^^^^^^^^^^^^^^^^^^^^^^^^^^^^
    ...<5 lines>...
    )
    ^
  File "C:\Python313\Lib\site-packages\httpcore\_backends\anyio.py", line 113, in connect_tcp
    with map_exceptions(exc_map):
         ~~~~~~~~~~~~~~^^^^^^^^^
  File "C:\Python313\Lib\contextlib.py", line 162, in __exit__
    self.gen.throw(value)
    ~~~~~~~~~~~~~~^^^^^^^
  File "C:\Python313\Lib\site-packages\httpcore\_exceptions.py", line 14, in map_exceptions
    raise to_exc(exc) from exc
httpcore.ConnectError: All connection attempts failed

The above exception was the direct cause of the following exception:

Traceback (most recent call last):
  File "C:\Users\Hanieh\AppData\Roaming\Python\Python313\site-packages\telegram\request\_httpxrequest.py", line 292, in do_request
    res = await self._client.request(
          ^^^^^^^^^^^^^^^^^^^^^^^^^^^
    ...<6 lines>...
    )
    ^
  File "C:\Users\Hanieh\AppData\Roaming\Python\Python313\site-packages\httpx\_client.py", line 1585, in request
    return await self.send(request, auth=auth, follow_redirects=follow_redirects)
           ^^^^^^^^^^^^^^^^^^^^^^^^^^^^^^^^^^^^^^^^^^^^^^^^^^^^^^^^^^^^^^^^^^^^^^
  File "C:\Users\Hanieh\AppData\Roaming\Python\Python313\site-packages\httpx\_client.py", line 1674, in send
    response = await self._send_handling_auth(
               ^^^^^^^^^^^^^^^^^^^^^^^^^^^^^^^
    ...<4 lines>...
    )
    ^
  File "C:\Users\Hanieh\AppData\Roaming\Python\Python313\site-packages\httpx\_client.py", line 1702, in _send_handling_auth
    response = await self._send_handling_redirects(
               ^^^^^^^^^^^^^^^^^^^^^^^^^^^^^^^^^^^^
    ...<3 lines>...
    )
    ^
  File "C:\Users\Hanieh\AppData\Roaming\Python\Python313\site-packages\httpx\_client.py", line 1739, in _send_handling_redirects
    response = await self._send_single_request(request)
               ^^^^^^^^^^^^^^^^^^^^^^^^^^^^^^^^^^^^^^^^
  File "C:\Users\Hanieh\AppData\Roaming\Python\Python313\site-packages\httpx\_client.py", line 1776, in _send_single_request
    response = await transport.handle_async_request(request)
               ^^^^^^^^^^^^^^^^^^^^^^^^^^^^^^^^^^^^^^^^^^^^^
  File "C:\Users\Hanieh\AppData\Roaming\Python\Python313\site-packages\httpx\_transports\default.py", line 376, in handle_async_request
    with map_httpcore_exceptions():
         ~~~~~~~~~~~~~~~~~~~~~~~^^
  File "C:\Python313\Lib\contextlib.py", line 162, in __exit__
    self.gen.throw(value)
    ~~~~~~~~~~~~~~^^^^^^^
  File "C:\Users\Hanieh\AppData\Roaming\Python\Python313\site-packages\httpx\_transports\default.py", line 89, in map_httpcore_exceptions
    raise mapped_exc(message) from exc
httpx.ConnectError: All connection attempts failed

The above exception was the direct cause of the following exception:

Traceback (most recent call last):
  File "C:\Users\Hanieh\AppData\Roaming\Python\Python313\site-packages\telegram\ext\_updater.py", line 753, in _network_loop_retry
    if not await do_action():
           ^^^^^^^^^^^^^^^^^
  File "C:\Users\Hanieh\AppData\Roaming\Python\Python313\site-packages\telegram\ext\_updater.py", line 747, in do_action
    return action_cb_task.result()
           ~~~~~~~~~~~~~~~~~~~~~^^
  File "C:\Users\Hanieh\AppData\Roaming\Python\Python313\site-packages\telegram\ext\_updater.py", line 377, in polling_action_cb
    updates = await self.bot.get_updates(
              ^^^^^^^^^^^^^^^^^^^^^^^^^^^
    ...<7 lines>...
    )
    ^
  File "C:\Users\Hanieh\AppData\Roaming\Python\Python313\site-packages\telegram\ext\_extbot.py", line 649, in get_updates
    updates = await super().get_updates(
              ^^^^^^^^^^^^^^^^^^^^^^^^^^
    ...<9 lines>...
    )
    ^
  File "C:\Users\Hanieh\AppData\Roaming\Python\Python313\site-packages\telegram\_bot.py", line 4366, in get_updates
    await self._post(
    ^^^^^^^^^^^^^^^^^
    ...<7 lines>...
    ),
    ^
  File "C:\Users\Hanieh\AppData\Roaming\Python\Python313\site-packages\telegram\_bot.py", line 623, in _post
    return await self._do_post(
           ^^^^^^^^^^^^^^^^^^^^
    ...<6 lines>...
    )
    ^
  File "C:\Users\Hanieh\AppData\Roaming\Python\Python313\site-packages\telegram\ext\_extbot.py", line 355, in _do_post
    return await super()._do_post(
           ^^^^^^^^^^^^^^^^^^^^^^^
    ...<6 lines>...
    )
    ^
  File "C:\Users\Hanieh\AppData\Roaming\Python\Python313\site-packages\telegram\_bot.py", line 652, in _do_post
    result = await request.post(
             ^^^^^^^^^^^^^^^^^^^
    ...<6 lines>...
    )
    ^
  File "C:\Users\Hanieh\AppData\Roaming\Python\Python313\site-packages\telegram\request\_baserequest.py", line 201, in post
    result = await self._request_wrapper(
             ^^^^^^^^^^^^^^^^^^^^^^^^^^^^
    ...<7 lines>...
    )
    ^
  File "C:\Users\Hanieh\AppData\Roaming\Python\Python313\site-packages\telegram\request\_baserequest.py", line 333, in _request_wrapper
    code, payload = await self.do_request(
                    ^^^^^^^^^^^^^^^^^^^^^^
    ...<7 lines>...
    )
    ^
  File "C:\Users\Hanieh\AppData\Roaming\Python\Python313\site-packages\telegram\request\_httpxrequest.py", line 316, in do_request
    raise NetworkError(f"httpx.{err.__class__.__name__}: {err}") from err
telegram.error.NetworkError: httpx.ConnectError: All connection attempts failed
2026-02-21 21:37:43,540 - telegram.ext.Application - ERROR - No error handlers are registered, logging exception.
Traceback (most recent call last):
  File "C:\Users\Hanieh\AppData\Roaming\Python\Python313\site-packages\httpx\_transports\default.py", line 72, in map_httpcore_exceptions
    yield
  File "C:\Users\Hanieh\AppData\Roaming\Python\Python313\site-packages\httpx\_transports\default.py", line 377, in handle_async_request
    resp = await self._pool.handle_async_request(req)
           ^^^^^^^^^^^^^^^^^^^^^^^^^^^^^^^^^^^^^^^^^^
  File "C:\Python313\Lib\site-packages\httpcore\_async\connection_pool.py", line 256, in handle_async_request
    raise exc from None
  File "C:\Python313\Lib\site-packages\httpcore\_async\connection_pool.py", line 236, in handle_async_request
    response = await connection.handle_async_request(
               ^^^^^^^^^^^^^^^^^^^^^^^^^^^^^^^^^^^^^^
        pool_request.request
        ^^^^^^^^^^^^^^^^^^^^
    )
    ^
  File "C:\Python313\Lib\site-packages\httpcore\_async\http_proxy.py", line 288, in handle_async_request
    connect_response = await self._connection.handle_async_request(
                       ^^^^^^^^^^^^^^^^^^^^^^^^^^^^^^^^^^^^^^^^^^^^
        connect_request
        ^^^^^^^^^^^^^^^
    )
    ^
  File "C:\Python313\Lib\site-packages\httpcore\_async\connection.py", line 101, in handle_async_request
    raise exc
  File "C:\Python313\Lib\site-packages\httpcore\_async\connection.py", line 78, in handle_async_request
    stream = await self._connect(request)
             ^^^^^^^^^^^^^^^^^^^^^^^^^^^^
  File "C:\Python313\Lib\site-packages\httpcore\_async\connection.py", line 124, in _connect
    stream = await self._network_backend.connect_tcp(**kwargs)
             ^^^^^^^^^^^^^^^^^^^^^^^^^^^^^^^^^^^^^^^^^^^^^^^^^
  File "C:\Python313\Lib\site-packages\httpcore\_backends\auto.py", line 31, in connect_tcp
    return await self._backend.connect_tcp(
           ^^^^^^^^^^^^^^^^^^^^^^^^^^^^^^^^
    ...<5 lines>...
    )
    ^
  File "C:\Python313\Lib\site-packages\httpcore\_backends\anyio.py", line 113, in connect_tcp
    with map_exceptions(exc_map):
         ~~~~~~~~~~~~~~^^^^^^^^^
  File "C:\Python313\Lib\contextlib.py", line 162, in __exit__
    self.gen.throw(value)
    ~~~~~~~~~~~~~~^^^^^^^
  File "C:\Python313\Lib\site-packages\httpcore\_exceptions.py", line 14, in map_exceptions
    raise to_exc(exc) from exc
httpcore.ConnectError: All connection attempts failed

The above exception was the direct cause of the following exception:

Traceback (most recent call last):
  File "C:\Users\Hanieh\AppData\Roaming\Python\Python313\site-packages\telegram\request\_httpxrequest.py", line 292, in do_request
    res = await self._client.request(
          ^^^^^^^^^^^^^^^^^^^^^^^^^^^
    ...<6 lines>...
    )
    ^
  File "C:\Users\Hanieh\AppData\Roaming\Python\Python313\site-packages\httpx\_client.py", line 1585, in request
    return await self.send(request, auth=auth, follow_redirects=follow_redirects)
           ^^^^^^^^^^^^^^^^^^^^^^^^^^^^^^^^^^^^^^^^^^^^^^^^^^^^^^^^^^^^^^^^^^^^^^
  File "C:\Users\Hanieh\AppData\Roaming\Python\Python313\site-packages\httpx\_client.py", line 1674, in send
    response = await self._send_handling_auth(
               ^^^^^^^^^^^^^^^^^^^^^^^^^^^^^^^
    ...<4 lines>...
    )
    ^
  File "C:\Users\Hanieh\AppData\Roaming\Python\Python313\site-packages\httpx\_client.py", line 1702, in _send_handling_auth
    response = await self._send_handling_redirects(
               ^^^^^^^^^^^^^^^^^^^^^^^^^^^^^^^^^^^^
    ...<3 lines>...
    )
    ^
  File "C:\Users\Hanieh\AppData\Roaming\Python\Python313\site-packages\httpx\_client.py", line 1739, in _send_handling_redirects
    response = await self._send_single_request(request)
               ^^^^^^^^^^^^^^^^^^^^^^^^^^^^^^^^^^^^^^^^
  File "C:\Users\Hanieh\AppData\Roaming\Python\Python313\site-packages\httpx\_client.py", line 1776, in _send_single_request
    response = await transport.handle_async_request(request)
               ^^^^^^^^^^^^^^^^^^^^^^^^^^^^^^^^^^^^^^^^^^^^^
  File "C:\Users\Hanieh\AppData\Roaming\Python\Python313\site-packages\httpx\_transports\default.py", line 376, in handle_async_request
    with map_httpcore_exceptions():
         ~~~~~~~~~~~~~~~~~~~~~~~^^
  File "C:\Python313\Lib\contextlib.py", line 162, in __exit__
    self.gen.throw(value)
    ~~~~~~~~~~~~~~^^^^^^^
  File "C:\Users\Hanieh\AppData\Roaming\Python\Python313\site-packages\httpx\_transports\default.py", line 89, in map_httpcore_exceptions
    raise mapped_exc(message) from exc
httpx.ConnectError: All connection attempts failed

The above exception was the direct cause of the following exception:

Traceback (most recent call last):
  File "C:\Users\Hanieh\AppData\Roaming\Python\Python313\site-packages\telegram\ext\_updater.py", line 753, in _network_loop_retry
    if not await do_action():
           ^^^^^^^^^^^^^^^^^
  File "C:\Users\Hanieh\AppData\Roaming\Python\Python313\site-packages\telegram\ext\_updater.py", line 747, in do_action
    return action_cb_task.result()
           ~~~~~~~~~~~~~~~~~~~~~^^
  File "C:\Users\Hanieh\AppData\Roaming\Python\Python313\site-packages\telegram\ext\_updater.py", line 377, in polling_action_cb
    updates = await self.bot.get_updates(
              ^^^^^^^^^^^^^^^^^^^^^^^^^^^
    ...<7 lines>...
    )
    ^
  File "C:\Users\Hanieh\AppData\Roaming\Python\Python313\site-packages\telegram\ext\_extbot.py", line 649, in get_updates
    updates = await super().get_updates(
              ^^^^^^^^^^^^^^^^^^^^^^^^^^
    ...<9 lines>...
    )
    ^
  File "C:\Users\Hanieh\AppData\Roaming\Python\Python313\site-packages\telegram\_bot.py", line 4366, in get_updates
    await self._post(
    ^^^^^^^^^^^^^^^^^
    ...<7 lines>...
    ),
    ^
  File "C:\Users\Hanieh\AppData\Roaming\Python\Python313\site-packages\telegram\_bot.py", line 623, in _post
    return await self._do_post(
           ^^^^^^^^^^^^^^^^^^^^
    ...<6 lines>...
    )
    ^
  File "C:\Users\Hanieh\AppData\Roaming\Python\Python313\site-packages\telegram\ext\_extbot.py", line 355, in _do_post
    return await super()._do_post(
           ^^^^^^^^^^^^^^^^^^^^^^^
    ...<6 lines>...
    )
    ^
  File "C:\Users\Hanieh\AppData\Roaming\Python\Python313\site-packages\telegram\_bot.py", line 652, in _do_post
    result = await request.post(
             ^^^^^^^^^^^^^^^^^^^
    ...<6 lines>...
    )
    ^
  File "C:\Users\Hanieh\AppData\Roaming\Python\Python313\site-packages\telegram\request\_baserequest.py", line 201, in post
    result = await self._request_wrapper(
             ^^^^^^^^^^^^^^^^^^^^^^^^^^^^
    ...<7 lines>...
    )
    ^
  File "C:\Users\Hanieh\AppData\Roaming\Python\Python313\site-packages\telegram\request\_baserequest.py", line 333, in _request_wrapper
    code, payload = await self.do_request(
                    ^^^^^^^^^^^^^^^^^^^^^^
    ...<7 lines>...
    )
    ^
  File "C:\Users\Hanieh\AppData\Roaming\Python\Python313\site-packages\telegram\request\_httpxrequest.py", line 316, in do_request
    raise NetworkError(f"httpx.{err.__class__.__name__}: {err}") from err
telegram.error.NetworkError: httpx.ConnectError: All connection attempts failed
2026-02-21 21:41:32,388 - telegram.ext.Application - ERROR - No error handlers are registered, logging exception.
Traceback (most recent call last):
  File "C:\Users\Hanieh\AppData\Roaming\Python\Python313\site-packages\httpx\_transports\default.py", line 72, in map_httpcore_exceptions
    yield
  File "C:\Users\Hanieh\AppData\Roaming\Python\Python313\site-packages\httpx\_transports\default.py", line 377, in handle_async_request
    resp = await self._pool.handle_async_request(req)
           ^^^^^^^^^^^^^^^^^^^^^^^^^^^^^^^^^^^^^^^^^^
  File "C:\Python313\Lib\site-packages\httpcore\_async\connection_pool.py", line 256, in handle_async_request
    raise exc from None
  File "C:\Python313\Lib\site-packages\httpcore\_async\connection_pool.py", line 236, in handle_async_request
    response = await connection.handle_async_request(
               ^^^^^^^^^^^^^^^^^^^^^^^^^^^^^^^^^^^^^^
        pool_request.request
        ^^^^^^^^^^^^^^^^^^^^
    )
    ^
  File "C:\Python313\Lib\site-packages\httpcore\_async\http_proxy.py", line 288, in handle_async_request
    connect_response = await self._connection.handle_async_request(
                       ^^^^^^^^^^^^^^^^^^^^^^^^^^^^^^^^^^^^^^^^^^^^
        connect_request
        ^^^^^^^^^^^^^^^
    )
    ^
  File "C:\Python313\Lib\site-packages\httpcore\_async\connection.py", line 101, in handle_async_request
    raise exc
  File "C:\Python313\Lib\site-packages\httpcore\_async\connection.py", line 78, in handle_async_request
    stream = await self._connect(request)
             ^^^^^^^^^^^^^^^^^^^^^^^^^^^^
  File "C:\Python313\Lib\site-packages\httpcore\_async\connection.py", line 124, in _connect
    stream = await self._network_backend.connect_tcp(**kwargs)
             ^^^^^^^^^^^^^^^^^^^^^^^^^^^^^^^^^^^^^^^^^^^^^^^^^
  File "C:\Python313\Lib\site-packages\httpcore\_backends\auto.py", line 31, in connect_tcp
    return await self._backend.connect_tcp(
           ^^^^^^^^^^^^^^^^^^^^^^^^^^^^^^^^
    ...<5 lines>...
    )
    ^
  File "C:\Python313\Lib\site-packages\httpcore\_backends\anyio.py", line 113, in connect_tcp
    with map_exceptions(exc_map):
         ~~~~~~~~~~~~~~^^^^^^^^^
  File "C:\Python313\Lib\contextlib.py", line 162, in __exit__
    self.gen.throw(value)
    ~~~~~~~~~~~~~~^^^^^^^
  File "C:\Python313\Lib\site-packages\httpcore\_exceptions.py", line 14, in map_exceptions
    raise to_exc(exc) from exc
httpcore.ConnectError: All connection attempts failed

The above exception was the direct cause of the following exception:

Traceback (most recent call last):
  File "C:\Users\Hanieh\AppData\Roaming\Python\Python313\site-packages\telegram\request\_httpxrequest.py", line 292, in do_request
    res = await self._client.request(
          ^^^^^^^^^^^^^^^^^^^^^^^^^^^
    ...<6 lines>...
    )
    ^
  File "C:\Users\Hanieh\AppData\Roaming\Python\Python313\site-packages\httpx\_client.py", line 1585, in request
    return await self.send(request, auth=auth, follow_redirects=follow_redirects)
           ^^^^^^^^^^^^^^^^^^^^^^^^^^^^^^^^^^^^^^^^^^^^^^^^^^^^^^^^^^^^^^^^^^^^^^
  File "C:\Users\Hanieh\AppData\Roaming\Python\Python313\site-packages\httpx\_client.py", line 1674, in send
    response = await self._send_handling_auth(
               ^^^^^^^^^^^^^^^^^^^^^^^^^^^^^^^
    ...<4 lines>...
    )
    ^
  File "C:\Users\Hanieh\AppData\Roaming\Python\Python313\site-packages\httpx\_client.py", line 1702, in _send_handling_auth
    response = await self._send_handling_redirects(
               ^^^^^^^^^^^^^^^^^^^^^^^^^^^^^^^^^^^^
    ...<3 lines>...
    )
    ^
  File "C:\Users\Hanieh\AppData\Roaming\Python\Python313\site-packages\httpx\_client.py", line 1739, in _send_handling_redirects
    response = await self._send_single_request(request)
               ^^^^^^^^^^^^^^^^^^^^^^^^^^^^^^^^^^^^^^^^
  File "C:\Users\Hanieh\AppData\Roaming\Python\Python313\site-packages\httpx\_client.py", line 1776, in _send_single_request
    response = await transport.handle_async_request(request)
               ^^^^^^^^^^^^^^^^^^^^^^^^^^^^^^^^^^^^^^^^^^^^^
  File "C:\Users\Hanieh\AppData\Roaming\Python\Python313\site-packages\httpx\_transports\default.py", line 376, in handle_async_request
    with map_httpcore_exceptions():
         ~~~~~~~~~~~~~~~~~~~~~~~^^
  File "C:\Python313\Lib\contextlib.py", line 162, in __exit__
    self.gen.throw(value)
    ~~~~~~~~~~~~~~^^^^^^^
  File "C:\Users\Hanieh\AppData\Roaming\Python\Python313\site-packages\httpx\_transports\default.py", line 89, in map_httpcore_exceptions
    raise mapped_exc(message) from exc
httpx.ConnectError: All connection attempts failed

The above exception was the direct cause of the following exception:

Traceback (most recent call last):
  File "C:\Users\Hanieh\AppData\Roaming\Python\Python313\site-packages\telegram\ext\_updater.py", line 753, in _network_loop_retry
    if not await do_action():
           ^^^^^^^^^^^^^^^^^
  File "C:\Users\Hanieh\AppData\Roaming\Python\Python313\site-packages\telegram\ext\_updater.py", line 747, in do_action
    return action_cb_task.result()
           ~~~~~~~~~~~~~~~~~~~~~^^
  File "C:\Users\Hanieh\AppData\Roaming\Python\Python313\site-packages\telegram\ext\_updater.py", line 377, in polling_action_cb
    updates = await self.bot.get_updates(
              ^^^^^^^^^^^^^^^^^^^^^^^^^^^
    ...<7 lines>...
    )
    ^
  File "C:\Users\Hanieh\AppData\Roaming\Python\Python313\site-packages\telegram\ext\_extbot.py", line 649, in get_updates
    updates = await super().get_updates(
              ^^^^^^^^^^^^^^^^^^^^^^^^^^
    ...<9 lines>...
    )
    ^
  File "C:\Users\Hanieh\AppData\Roaming\Python\Python313\site-packages\telegram\_bot.py", line 4366, in get_updates
    await self._post(
    ^^^^^^^^^^^^^^^^^
    ...<7 lines>...
    ),
    ^
  File "C:\Users\Hanieh\AppData\Roaming\Python\Python313\site-packages\telegram\_bot.py", line 623, in _post
    return await self._do_post(
           ^^^^^^^^^^^^^^^^^^^^
    ...<6 lines>...
    )
    ^
  File "C:\Users\Hanieh\AppData\Roaming\Python\Python313\site-packages\telegram\ext\_extbot.py", line 355, in _do_post
    return await super()._do_post(
           ^^^^^^^^^^^^^^^^^^^^^^^
    ...<6 lines>...
    )
    ^
  File "C:\Users\Hanieh\AppData\Roaming\Python\Python313\site-packages\telegram\_bot.py", line 652, in _do_post
    result = await request.post(
             ^^^^^^^^^^^^^^^^^^^
    ...<6 lines>...
    )
    ^
  File "C:\Users\Hanieh\AppData\Roaming\Python\Python313\site-packages\telegram\request\_baserequest.py", line 201, in post
    result = await self._request_wrapper(
             ^^^^^^^^^^^^^^^^^^^^^^^^^^^^
    ...<7 lines>...
    )
    ^
  File "C:\Users\Hanieh\AppData\Roaming\Python\Python313\site-packages\telegram\request\_baserequest.py", line 333, in _request_wrapper
    code, payload = await self.do_request(
                    ^^^^^^^^^^^^^^^^^^^^^^
    ...<7 lines>...
    )
    ^
  File "C:\Users\Hanieh\AppData\Roaming\Python\Python313\site-packages\telegram\request\_httpxrequest.py", line 316, in do_request
    raise NetworkError(f"httpx.{err.__class__.__name__}: {err}") from err
telegram.error.NetworkError: httpx.ConnectError: All connection attempts failed
2026-02-21 21:41:33,398 - telegram.ext.Application - ERROR - No error handlers are registered, logging exception.
Traceback (most recent call last):
  File "C:\Users\Hanieh\AppData\Roaming\Python\Python313\site-packages\httpx\_transports\default.py", line 72, in map_httpcore_exceptions
    yield
  File "C:\Users\Hanieh\AppData\Roaming\Python\Python313\site-packages\httpx\_transports\default.py", line 377, in handle_async_request
    resp = await self._pool.handle_async_request(req)
           ^^^^^^^^^^^^^^^^^^^^^^^^^^^^^^^^^^^^^^^^^^
  File "C:\Python313\Lib\site-packages\httpcore\_async\connection_pool.py", line 256, in handle_async_request
    raise exc from None
  File "C:\Python313\Lib\site-packages\httpcore\_async\connection_pool.py", line 236, in handle_async_request
    response = await connection.handle_async_request(
               ^^^^^^^^^^^^^^^^^^^^^^^^^^^^^^^^^^^^^^
        pool_request.request
        ^^^^^^^^^^^^^^^^^^^^
    )
    ^
  File "C:\Python313\Lib\site-packages\httpcore\_async\http_proxy.py", line 288, in handle_async_request
    connect_response = await self._connection.handle_async_request(
                       ^^^^^^^^^^^^^^^^^^^^^^^^^^^^^^^^^^^^^^^^^^^^
        connect_request
        ^^^^^^^^^^^^^^^
    )
    ^
  File "C:\Python313\Lib\site-packages\httpcore\_async\connection.py", line 101, in handle_async_request
    raise exc
  File "C:\Python313\Lib\site-packages\httpcore\_async\connection.py", line 78, in handle_async_request
    stream = await self._connect(request)
             ^^^^^^^^^^^^^^^^^^^^^^^^^^^^
  File "C:\Python313\Lib\site-packages\httpcore\_async\connection.py", line 124, in _connect
    stream = await self._network_backend.connect_tcp(**kwargs)
             ^^^^^^^^^^^^^^^^^^^^^^^^^^^^^^^^^^^^^^^^^^^^^^^^^
  File "C:\Python313\Lib\site-packages\httpcore\_backends\auto.py", line 31, in connect_tcp
    return await self._backend.connect_tcp(
           ^^^^^^^^^^^^^^^^^^^^^^^^^^^^^^^^
    ...<5 lines>...
    )
    ^
  File "C:\Python313\Lib\site-packages\httpcore\_backends\anyio.py", line 113, in connect_tcp
    with map_exceptions(exc_map):
         ~~~~~~~~~~~~~~^^^^^^^^^
  File "C:\Python313\Lib\contextlib.py", line 162, in __exit__
    self.gen.throw(value)
    ~~~~~~~~~~~~~~^^^^^^^
  File "C:\Python313\Lib\site-packages\httpcore\_exceptions.py", line 14, in map_exceptions
    raise to_exc(exc) from exc
httpcore.ConnectError: All connection attempts failed

The above exception was the direct cause of the following exception:

Traceback (most recent call last):
  File "C:\Users\Hanieh\AppData\Roaming\Python\Python313\site-packages\telegram\request\_httpxrequest.py", line 292, in do_request
    res = await self._client.request(
          ^^^^^^^^^^^^^^^^^^^^^^^^^^^
    ...<6 lines>...
    )
    ^
  File "C:\Users\Hanieh\AppData\Roaming\Python\Python313\site-packages\httpx\_client.py", line 1585, in request
    return await self.send(request, auth=auth, follow_redirects=follow_redirects)
           ^^^^^^^^^^^^^^^^^^^^^^^^^^^^^^^^^^^^^^^^^^^^^^^^^^^^^^^^^^^^^^^^^^^^^^
  File "C:\Users\Hanieh\AppData\Roaming\Python\Python313\site-packages\httpx\_client.py", line 1674, in send
    response = await self._send_handling_auth(
               ^^^^^^^^^^^^^^^^^^^^^^^^^^^^^^^
    ...<4 lines>...
    )
    ^
  File "C:\Users\Hanieh\AppData\Roaming\Python\Python313\site-packages\httpx\_client.py", line 1702, in _send_handling_auth
    response = await self._send_handling_redirects(
               ^^^^^^^^^^^^^^^^^^^^^^^^^^^^^^^^^^^^
    ...<3 lines>...
    )
    ^
  File "C:\Users\Hanieh\AppData\Roaming\Python\Python313\site-packages\httpx\_client.py", line 1739, in _send_handling_redirects
    response = await self._send_single_request(request)
               ^^^^^^^^^^^^^^^^^^^^^^^^^^^^^^^^^^^^^^^^
  File "C:\Users\Hanieh\AppData\Roaming\Python\Python313\site-packages\httpx\_client.py", line 1776, in _send_single_request
    response = await transport.handle_async_request(request)
               ^^^^^^^^^^^^^^^^^^^^^^^^^^^^^^^^^^^^^^^^^^^^^
  File "C:\Users\Hanieh\AppData\Roaming\Python\Python313\site-packages\httpx\_transports\default.py", line 376, in handle_async_request
    with map_httpcore_exceptions():
         ~~~~~~~~~~~~~~~~~~~~~~~^^
  File "C:\Python313\Lib\contextlib.py", line 162, in __exit__
    self.gen.throw(value)
    ~~~~~~~~~~~~~~^^^^^^^
  File "C:\Users\Hanieh\AppData\Roaming\Python\Python313\site-packages\httpx\_transports\default.py", line 89, in map_httpcore_exceptions
    raise mapped_exc(message) from exc
httpx.ConnectError: All connection attempts failed

The above exception was the direct cause of the following exception:

Traceback (most recent call last):
  File "C:\Users\Hanieh\AppData\Roaming\Python\Python313\site-packages\telegram\ext\_updater.py", line 753, in _network_loop_retry
    if not await do_action():
           ^^^^^^^^^^^^^^^^^
  File "C:\Users\Hanieh\AppData\Roaming\Python\Python313\site-packages\telegram\ext\_updater.py", line 747, in do_action
    return action_cb_task.result()
           ~~~~~~~~~~~~~~~~~~~~~^^
  File "C:\Users\Hanieh\AppData\Roaming\Python\Python313\site-packages\telegram\ext\_updater.py", line 377, in polling_action_cb
    updates = await self.bot.get_updates(
              ^^^^^^^^^^^^^^^^^^^^^^^^^^^
    ...<7 lines>...
    )
    ^
  File "C:\Users\Hanieh\AppData\Roaming\Python\Python313\site-packages\telegram\ext\_extbot.py", line 649, in get_updates
    updates = await super().get_updates(
              ^^^^^^^^^^^^^^^^^^^^^^^^^^
    ...<9 lines>...
    )
    ^
  File "C:\Users\Hanieh\AppData\Roaming\Python\Python313\site-packages\telegram\_bot.py", line 4366, in get_updates
    await self._post(
    ^^^^^^^^^^^^^^^^^
    ...<7 lines>...
    ),
    ^
  File "C:\Users\Hanieh\AppData\Roaming\Python\Python313\site-packages\telegram\_bot.py", line 623, in _post
    return await self._do_post(
           ^^^^^^^^^^^^^^^^^^^^
    ...<6 lines>...
    )
    ^
  File "C:\Users\Hanieh\AppData\Roaming\Python\Python313\site-packages\telegram\ext\_extbot.py", line 355, in _do_post
    return await super()._do_post(
           ^^^^^^^^^^^^^^^^^^^^^^^
    ...<6 lines>...
    )
    ^
  File "C:\Users\Hanieh\AppData\Roaming\Python\Python313\site-packages\telegram\_bot.py", line 652, in _do_post
    result = await request.post(
             ^^^^^^^^^^^^^^^^^^^
    ...<6 lines>...
    )
    ^
  File "C:\Users\Hanieh\AppData\Roaming\Python\Python313\site-packages\telegram\request\_baserequest.py", line 201, in post
    result = await self._request_wrapper(
             ^^^^^^^^^^^^^^^^^^^^^^^^^^^^
    ...<7 lines>...
    )
    ^
  File "C:\Users\Hanieh\AppData\Roaming\Python\Python313\site-packages\telegram\request\_baserequest.py", line 333, in _request_wrapper
    code, payload = await self.do_request(
                    ^^^^^^^^^^^^^^^^^^^^^^
    ...<7 lines>...
    )
    ^
  File "C:\Users\Hanieh\AppData\Roaming\Python\Python313\site-packages\telegram\request\_httpxrequest.py", line 316, in do_request
    raise NetworkError(f"httpx.{err.__class__.__name__}: {err}") from err
telegram.error.NetworkError: httpx.ConnectError: All connection attempts failed
2026-02-21 21:41:34,904 - telegram.ext.Application - ERROR - No error handlers are registered, logging exception.
Traceback (most recent call last):
  File "C:\Users\Hanieh\AppData\Roaming\Python\Python313\site-packages\httpx\_transports\default.py", line 72, in map_httpcore_exceptions
    yield
  File "C:\Users\Hanieh\AppData\Roaming\Python\Python313\site-packages\httpx\_transports\default.py", line 377, in handle_async_request
    resp = await self._pool.handle_async_request(req)
           ^^^^^^^^^^^^^^^^^^^^^^^^^^^^^^^^^^^^^^^^^^
  File "C:\Python313\Lib\site-packages\httpcore\_async\connection_pool.py", line 256, in handle_async_request
    raise exc from None
  File "C:\Python313\Lib\site-packages\httpcore\_async\connection_pool.py", line 236, in handle_async_request
    response = await connection.handle_async_request(
               ^^^^^^^^^^^^^^^^^^^^^^^^^^^^^^^^^^^^^^
        pool_request.request
        ^^^^^^^^^^^^^^^^^^^^
    )
    ^
  File "C:\Python313\Lib\site-packages\httpcore\_async\http_proxy.py", line 288, in handle_async_request
    connect_response = await self._connection.handle_async_request(
                       ^^^^^^^^^^^^^^^^^^^^^^^^^^^^^^^^^^^^^^^^^^^^
        connect_request
        ^^^^^^^^^^^^^^^
    )
    ^
  File "C:\Python313\Lib\site-packages\httpcore\_async\connection.py", line 101, in handle_async_request
    raise exc
  File "C:\Python313\Lib\site-packages\httpcore\_async\connection.py", line 78, in handle_async_request
    stream = await self._connect(request)
             ^^^^^^^^^^^^^^^^^^^^^^^^^^^^
  File "C:\Python313\Lib\site-packages\httpcore\_async\connection.py", line 124, in _connect
    stream = await self._network_backend.connect_tcp(**kwargs)
             ^^^^^^^^^^^^^^^^^^^^^^^^^^^^^^^^^^^^^^^^^^^^^^^^^
  File "C:\Python313\Lib\site-packages\httpcore\_backends\auto.py", line 31, in connect_tcp
    return await self._backend.connect_tcp(
           ^^^^^^^^^^^^^^^^^^^^^^^^^^^^^^^^
    ...<5 lines>...
    )
    ^
  File "C:\Python313\Lib\site-packages\httpcore\_backends\anyio.py", line 113, in connect_tcp
    with map_exceptions(exc_map):
         ~~~~~~~~~~~~~~^^^^^^^^^
  File "C:\Python313\Lib\contextlib.py", line 162, in __exit__
    self.gen.throw(value)
    ~~~~~~~~~~~~~~^^^^^^^
  File "C:\Python313\Lib\site-packages\httpcore\_exceptions.py", line 14, in map_exceptions
    raise to_exc(exc) from exc
httpcore.ConnectError: All connection attempts failed

The above exception was the direct cause of the following exception:

Traceback (most recent call last):
  File "C:\Users\Hanieh\AppData\Roaming\Python\Python313\site-packages\telegram\request\_httpxrequest.py", line 292, in do_request
    res = await self._client.request(
          ^^^^^^^^^^^^^^^^^^^^^^^^^^^
    ...<6 lines>...
    )
    ^
  File "C:\Users\Hanieh\AppData\Roaming\Python\Python313\site-packages\httpx\_client.py", line 1585, in request
    return await self.send(request, auth=auth, follow_redirects=follow_redirects)
           ^^^^^^^^^^^^^^^^^^^^^^^^^^^^^^^^^^^^^^^^^^^^^^^^^^^^^^^^^^^^^^^^^^^^^^
  File "C:\Users\Hanieh\AppData\Roaming\Python\Python313\site-packages\httpx\_client.py", line 1674, in send
    response = await self._send_handling_auth(
               ^^^^^^^^^^^^^^^^^^^^^^^^^^^^^^^
    ...<4 lines>...
    )
    ^
  File "C:\Users\Hanieh\AppData\Roaming\Python\Python313\site-packages\httpx\_client.py", line 1702, in _send_handling_auth
    response = await self._send_handling_redirects(
               ^^^^^^^^^^^^^^^^^^^^^^^^^^^^^^^^^^^^
    ...<3 lines>...
    )
    ^
  File "C:\Users\Hanieh\AppData\Roaming\Python\Python313\site-packages\httpx\_client.py", line 1739, in _send_handling_redirects
    response = await self._send_single_request(request)
               ^^^^^^^^^^^^^^^^^^^^^^^^^^^^^^^^^^^^^^^^
  File "C:\Users\Hanieh\AppData\Roaming\Python\Python313\site-packages\httpx\_client.py", line 1776, in _send_single_request
    response = await transport.handle_async_request(request)
               ^^^^^^^^^^^^^^^^^^^^^^^^^^^^^^^^^^^^^^^^^^^^^
  File "C:\Users\Hanieh\AppData\Roaming\Python\Python313\site-packages\httpx\_transports\default.py", line 376, in handle_async_request
    with map_httpcore_exceptions():
         ~~~~~~~~~~~~~~~~~~~~~~~^^
  File "C:\Python313\Lib\contextlib.py", line 162, in __exit__
    self.gen.throw(value)
    ~~~~~~~~~~~~~~^^^^^^^
  File "C:\Users\Hanieh\AppData\Roaming\Python\Python313\site-packages\httpx\_transports\default.py", line 89, in map_httpcore_exceptions
    raise mapped_exc(message) from exc
httpx.ConnectError: All connection attempts failed

The above exception was the direct cause of the following exception:

Traceback (most recent call last):
  File "C:\Users\Hanieh\AppData\Roaming\Python\Python313\site-packages\telegram\ext\_updater.py", line 753, in _network_loop_retry
    if not await do_action():
           ^^^^^^^^^^^^^^^^^
  File "C:\Users\Hanieh\AppData\Roaming\Python\Python313\site-packages\telegram\ext\_updater.py", line 747, in do_action
    return action_cb_task.result()
           ~~~~~~~~~~~~~~~~~~~~~^^
  File "C:\Users\Hanieh\AppData\Roaming\Python\Python313\site-packages\telegram\ext\_updater.py", line 377, in polling_action_cb
    updates = await self.bot.get_updates(
              ^^^^^^^^^^^^^^^^^^^^^^^^^^^
    ...<7 lines>...
    )
    ^
  File "C:\Users\Hanieh\AppData\Roaming\Python\Python313\site-packages\telegram\ext\_extbot.py", line 649, in get_updates
    updates = await super().get_updates(
              ^^^^^^^^^^^^^^^^^^^^^^^^^^
    ...<9 lines>...
    )
    ^
  File "C:\Users\Hanieh\AppData\Roaming\Python\Python313\site-packages\telegram\_bot.py", line 4366, in get_updates
    await self._post(
    ^^^^^^^^^^^^^^^^^
    ...<7 lines>...
    ),
    ^
  File "C:\Users\Hanieh\AppData\Roaming\Python\Python313\site-packages\telegram\_bot.py", line 623, in _post
    return await self._do_post(
           ^^^^^^^^^^^^^^^^^^^^
    ...<6 lines>...
    )
    ^
  File "C:\Users\Hanieh\AppData\Roaming\Python\Python313\site-packages\telegram\ext\_extbot.py", line 355, in _do_post
    return await super()._do_post(
           ^^^^^^^^^^^^^^^^^^^^^^^
    ...<6 lines>...
    )
    ^
  File "C:\Users\Hanieh\AppData\Roaming\Python\Python313\site-packages\telegram\_bot.py", line 652, in _do_post
    result = await request.post(
             ^^^^^^^^^^^^^^^^^^^
    ...<6 lines>...
    )
    ^
  File "C:\Users\Hanieh\AppData\Roaming\Python\Python313\site-packages\telegram\request\_baserequest.py", line 201, in post
    result = await self._request_wrapper(
             ^^^^^^^^^^^^^^^^^^^^^^^^^^^^
    ...<7 lines>...
    )
    ^
  File "C:\Users\Hanieh\AppData\Roaming\Python\Python313\site-packages\telegram\request\_baserequest.py", line 333, in _request_wrapper
    code, payload = await self.do_request(
                    ^^^^^^^^^^^^^^^^^^^^^^
    ...<7 lines>...
    )
    ^
  File "C:\Users\Hanieh\AppData\Roaming\Python\Python313\site-packages\telegram\request\_httpxrequest.py", line 316, in do_request
    raise NetworkError(f"httpx.{err.__class__.__name__}: {err}") from err
telegram.error.NetworkError: httpx.ConnectError: All connection attempts failed
2026-02-21 21:41:43,352 - telegram.ext.Application - ERROR - No error handlers are registered, logging exception.
Traceback (most recent call last):
  File "C:\Users\Hanieh\AppData\Roaming\Python\Python313\site-packages\httpx\_transports\default.py", line 72, in map_httpcore_exceptions
    yield
  File "C:\Users\Hanieh\AppData\Roaming\Python\Python313\site-packages\httpx\_transports\default.py", line 377, in handle_async_request
    resp = await self._pool.handle_async_request(req)
           ^^^^^^^^^^^^^^^^^^^^^^^^^^^^^^^^^^^^^^^^^^
  File "C:\Python313\Lib\site-packages\httpcore\_async\connection_pool.py", line 256, in handle_async_request
    raise exc from None
  File "C:\Python313\Lib\site-packages\httpcore\_async\connection_pool.py", line 236, in handle_async_request
    response = await connection.handle_async_request(
               ^^^^^^^^^^^^^^^^^^^^^^^^^^^^^^^^^^^^^^
        pool_request.request
        ^^^^^^^^^^^^^^^^^^^^
    )
    ^
  File "C:\Python313\Lib\site-packages\httpcore\_async\http_proxy.py", line 288, in handle_async_request
    connect_response = await self._connection.handle_async_request(
                       ^^^^^^^^^^^^^^^^^^^^^^^^^^^^^^^^^^^^^^^^^^^^
        connect_request
        ^^^^^^^^^^^^^^^
    )
    ^
  File "C:\Python313\Lib\site-packages\httpcore\_async\connection.py", line 103, in handle_async_request
    return await self._connection.handle_async_request(request)
           ^^^^^^^^^^^^^^^^^^^^^^^^^^^^^^^^^^^^^^^^^^^^^^^^^^^^
  File "C:\Python313\Lib\site-packages\httpcore\_async\http11.py", line 136, in handle_async_request
    raise exc
  File "C:\Python313\Lib\site-packages\httpcore\_async\http11.py", line 106, in handle_async_request
    ) = await self._receive_response_headers(**kwargs)
        ^^^^^^^^^^^^^^^^^^^^^^^^^^^^^^^^^^^^^^^^^^^^^^
  File "C:\Python313\Lib\site-packages\httpcore\_async\http11.py", line 177, in _receive_response_headers
    event = await self._receive_event(timeout=timeout)
            ^^^^^^^^^^^^^^^^^^^^^^^^^^^^^^^^^^^^^^^^^^
  File "C:\Python313\Lib\site-packages\httpcore\_async\http11.py", line 217, in _receive_event
    data = await self._network_stream.read(
           ^^^^^^^^^^^^^^^^^^^^^^^^^^^^^^^^
        self.READ_NUM_BYTES, timeout=timeout
        ^^^^^^^^^^^^^^^^^^^^^^^^^^^^^^^^^^^^
    )
    ^
  File "C:\Python313\Lib\site-packages\httpcore\_backends\anyio.py", line 32, in read
    with map_exceptions(exc_map):
         ~~~~~~~~~~~~~~^^^^^^^^^
  File "C:\Python313\Lib\contextlib.py", line 162, in __exit__
    self.gen.throw(value)
    ~~~~~~~~~~~~~~^^^^^^^
  File "C:\Python313\Lib\site-packages\httpcore\_exceptions.py", line 14, in map_exceptions
    raise to_exc(exc) from exc
httpcore.ReadError

The above exception was the direct cause of the following exception:

Traceback (most recent call last):
  File "C:\Users\Hanieh\AppData\Roaming\Python\Python313\site-packages\telegram\request\_httpxrequest.py", line 292, in do_request
    res = await self._client.request(
          ^^^^^^^^^^^^^^^^^^^^^^^^^^^
    ...<6 lines>...
    )
    ^
  File "C:\Users\Hanieh\AppData\Roaming\Python\Python313\site-packages\httpx\_client.py", line 1585, in request
    return await self.send(request, auth=auth, follow_redirects=follow_redirects)
           ^^^^^^^^^^^^^^^^^^^^^^^^^^^^^^^^^^^^^^^^^^^^^^^^^^^^^^^^^^^^^^^^^^^^^^
  File "C:\Users\Hanieh\AppData\Roaming\Python\Python313\site-packages\httpx\_client.py", line 1674, in send
    response = await self._send_handling_auth(
               ^^^^^^^^^^^^^^^^^^^^^^^^^^^^^^^
    ...<4 lines>...
    )
    ^
  File "C:\Users\Hanieh\AppData\Roaming\Python\Python313\site-packages\httpx\_client.py", line 1702, in _send_handling_auth
    response = await self._send_handling_redirects(
               ^^^^^^^^^^^^^^^^^^^^^^^^^^^^^^^^^^^^
    ...<3 lines>...
    )
    ^
  File "C:\Users\Hanieh\AppData\Roaming\Python\Python313\site-packages\httpx\_client.py", line 1739, in _send_handling_redirects
    response = await self._send_single_request(request)
               ^^^^^^^^^^^^^^^^^^^^^^^^^^^^^^^^^^^^^^^^
  File "C:\Users\Hanieh\AppData\Roaming\Python\Python313\site-packages\httpx\_client.py", line 1776, in _send_single_request
    response = await transport.handle_async_request(request)
               ^^^^^^^^^^^^^^^^^^^^^^^^^^^^^^^^^^^^^^^^^^^^^
  File "C:\Users\Hanieh\AppData\Roaming\Python\Python313\site-packages\httpx\_transports\default.py", line 376, in handle_async_request
    with map_httpcore_exceptions():
         ~~~~~~~~~~~~~~~~~~~~~~~^^
  File "C:\Python313\Lib\contextlib.py", line 162, in __exit__
    self.gen.throw(value)
    ~~~~~~~~~~~~~~^^^^^^^
  File "C:\Users\Hanieh\AppData\Roaming\Python\Python313\site-packages\httpx\_transports\default.py", line 89, in map_httpcore_exceptions
    raise mapped_exc(message) from exc
httpx.ReadError

The above exception was the direct cause of the following exception:

Traceback (most recent call last):
  File "C:\Users\Hanieh\AppData\Roaming\Python\Python313\site-packages\telegram\ext\_updater.py", line 753, in _network_loop_retry
    if not await do_action():
           ^^^^^^^^^^^^^^^^^
  File "C:\Users\Hanieh\AppData\Roaming\Python\Python313\site-packages\telegram\ext\_updater.py", line 747, in do_action
    return action_cb_task.result()
           ~~~~~~~~~~~~~~~~~~~~~^^
  File "C:\Users\Hanieh\AppData\Roaming\Python\Python313\site-packages\telegram\ext\_updater.py", line 377, in polling_action_cb
    updates = await self.bot.get_updates(
              ^^^^^^^^^^^^^^^^^^^^^^^^^^^
    ...<7 lines>...
    )
    ^
  File "C:\Users\Hanieh\AppData\Roaming\Python\Python313\site-packages\telegram\ext\_extbot.py", line 649, in get_updates
    updates = await super().get_updates(
              ^^^^^^^^^^^^^^^^^^^^^^^^^^
    ...<9 lines>...
    )
    ^
  File "C:\Users\Hanieh\AppData\Roaming\Python\Python313\site-packages\telegram\_bot.py", line 4366, in get_updates
    await self._post(
    ^^^^^^^^^^^^^^^^^
    ...<7 lines>...
    ),
    ^
  File "C:\Users\Hanieh\AppData\Roaming\Python\Python313\site-packages\telegram\_bot.py", line 623, in _post
    return await self._do_post(
           ^^^^^^^^^^^^^^^^^^^^
    ...<6 lines>...
    )
    ^
  File "C:\Users\Hanieh\AppData\Roaming\Python\Python313\site-packages\telegram\ext\_extbot.py", line 355, in _do_post
    return await super()._do_post(
           ^^^^^^^^^^^^^^^^^^^^^^^
    ...<6 lines>...
    )
    ^
  File "C:\Users\Hanieh\AppData\Roaming\Python\Python313\site-packages\telegram\_bot.py", line 652, in _do_post
    result = await request.post(
             ^^^^^^^^^^^^^^^^^^^
    ...<6 lines>...
    )
    ^
  File "C:\Users\Hanieh\AppData\Roaming\Python\Python313\site-packages\telegram\request\_baserequest.py", line 201, in post
    result = await self._request_wrapper(
             ^^^^^^^^^^^^^^^^^^^^^^^^^^^^
    ...<7 lines>...
    )
    ^
  File "C:\Users\Hanieh\AppData\Roaming\Python\Python313\site-packages\telegram\request\_baserequest.py", line 333, in _request_wrapper
    code, payload = await self.do_request(
                    ^^^^^^^^^^^^^^^^^^^^^^
    ...<7 lines>...
    )
    ^
  File "C:\Users\Hanieh\AppData\Roaming\Python\Python313\site-packages\telegram\request\_httpxrequest.py", line 316, in do_request
    raise NetworkError(f"httpx.{err.__class__.__name__}: {err}") from err
telegram.error.NetworkError: httpx.ReadError: 
2026-02-21 21:51:38,131 - telegram.ext.Application - ERROR - No error handlers are registered, logging exception.
Traceback (most recent call last):
  File "C:\Users\Hanieh\AppData\Roaming\Python\Python313\site-packages\httpx\_transports\default.py", line 72, in map_httpcore_exceptions
    yield
  File "C:\Users\Hanieh\AppData\Roaming\Python\Python313\site-packages\httpx\_transports\default.py", line 377, in handle_async_request
    resp = await self._pool.handle_async_request(req)
           ^^^^^^^^^^^^^^^^^^^^^^^^^^^^^^^^^^^^^^^^^^
  File "C:\Python313\Lib\site-packages\httpcore\_async\connection_pool.py", line 256, in handle_async_request
    raise exc from None
  File "C:\Python313\Lib\site-packages\httpcore\_async\connection_pool.py", line 236, in handle_async_request
    response = await connection.handle_async_request(
               ^^^^^^^^^^^^^^^^^^^^^^^^^^^^^^^^^^^^^^
        pool_request.request
        ^^^^^^^^^^^^^^^^^^^^
    )
    ^
  File "C:\Python313\Lib\site-packages\httpcore\_async\http_proxy.py", line 288, in handle_async_request
    connect_response = await self._connection.handle_async_request(
                       ^^^^^^^^^^^^^^^^^^^^^^^^^^^^^^^^^^^^^^^^^^^^
        connect_request
        ^^^^^^^^^^^^^^^
    )
    ^
  File "C:\Python313\Lib\site-packages\httpcore\_async\connection.py", line 101, in handle_async_request
    raise exc
  File "C:\Python313\Lib\site-packages\httpcore\_async\connection.py", line 78, in handle_async_request
    stream = await self._connect(request)
             ^^^^^^^^^^^^^^^^^^^^^^^^^^^^
  File "C:\Python313\Lib\site-packages\httpcore\_async\connection.py", line 124, in _connect
    stream = await self._network_backend.connect_tcp(**kwargs)
             ^^^^^^^^^^^^^^^^^^^^^^^^^^^^^^^^^^^^^^^^^^^^^^^^^
  File "C:\Python313\Lib\site-packages\httpcore\_backends\auto.py", line 31, in connect_tcp
    return await self._backend.connect_tcp(
           ^^^^^^^^^^^^^^^^^^^^^^^^^^^^^^^^
    ...<5 lines>...
    )
    ^
  File "C:\Python313\Lib\site-packages\httpcore\_backends\anyio.py", line 113, in connect_tcp
    with map_exceptions(exc_map):
         ~~~~~~~~~~~~~~^^^^^^^^^
  File "C:\Python313\Lib\contextlib.py", line 162, in __exit__
    self.gen.throw(value)
    ~~~~~~~~~~~~~~^^^^^^^
  File "C:\Python313\Lib\site-packages\httpcore\_exceptions.py", line 14, in map_exceptions
    raise to_exc(exc) from exc
httpcore.ConnectError: All connection attempts failed

The above exception was the direct cause of the following exception:

Traceback (most recent call last):
  File "C:\Users\Hanieh\AppData\Roaming\Python\Python313\site-packages\telegram\request\_httpxrequest.py", line 292, in do_request
    res = await self._client.request(
          ^^^^^^^^^^^^^^^^^^^^^^^^^^^
    ...<6 lines>...
    )
    ^
  File "C:\Users\Hanieh\AppData\Roaming\Python\Python313\site-packages\httpx\_client.py", line 1585, in request
    return await self.send(request, auth=auth, follow_redirects=follow_redirects)
           ^^^^^^^^^^^^^^^^^^^^^^^^^^^^^^^^^^^^^^^^^^^^^^^^^^^^^^^^^^^^^^^^^^^^^^
  File "C:\Users\Hanieh\AppData\Roaming\Python\Python313\site-packages\httpx\_client.py", line 1674, in send
    response = await self._send_handling_auth(
               ^^^^^^^^^^^^^^^^^^^^^^^^^^^^^^^
    ...<4 lines>...
    )
    ^
  File "C:\Users\Hanieh\AppData\Roaming\Python\Python313\site-packages\httpx\_client.py", line 1702, in _send_handling_auth
    response = await self._send_handling_redirects(
               ^^^^^^^^^^^^^^^^^^^^^^^^^^^^^^^^^^^^
    ...<3 lines>...
    )
    ^
  File "C:\Users\Hanieh\AppData\Roaming\Python\Python313\site-packages\httpx\_client.py", line 1739, in _send_handling_redirects
    response = await self._send_single_request(request)
               ^^^^^^^^^^^^^^^^^^^^^^^^^^^^^^^^^^^^^^^^
  File "C:\Users\Hanieh\AppData\Roaming\Python\Python313\site-packages\httpx\_client.py", line 1776, in _send_single_request
    response = await transport.handle_async_request(request)
               ^^^^^^^^^^^^^^^^^^^^^^^^^^^^^^^^^^^^^^^^^^^^^
  File "C:\Users\Hanieh\AppData\Roaming\Python\Python313\site-packages\httpx\_transports\default.py", line 376, in handle_async_request
    with map_httpcore_exceptions():
         ~~~~~~~~~~~~~~~~~~~~~~~^^
  File "C:\Python313\Lib\contextlib.py", line 162, in __exit__
    self.gen.throw(value)
    ~~~~~~~~~~~~~~^^^^^^^
  File "C:\Users\Hanieh\AppData\Roaming\Python\Python313\site-packages\httpx\_transports\default.py", line 89, in map_httpcore_exceptions
    raise mapped_exc(message) from exc
httpx.ConnectError: All connection attempts failed

The above exception was the direct cause of the following exception:

Traceback (most recent call last):
  File "C:\Users\Hanieh\AppData\Roaming\Python\Python313\site-packages\telegram\ext\_updater.py", line 753, in _network_loop_retry
    if not await do_action():
           ^^^^^^^^^^^^^^^^^
  File "C:\Users\Hanieh\AppData\Roaming\Python\Python313\site-packages\telegram\ext\_updater.py", line 747, in do_action
    return action_cb_task.result()
           ~~~~~~~~~~~~~~~~~~~~~^^
  File "C:\Users\Hanieh\AppData\Roaming\Python\Python313\site-packages\telegram\ext\_updater.py", line 377, in polling_action_cb
    updates = await self.bot.get_updates(
              ^^^^^^^^^^^^^^^^^^^^^^^^^^^
    ...<7 lines>...
    )
    ^
  File "C:\Users\Hanieh\AppData\Roaming\Python\Python313\site-packages\telegram\ext\_extbot.py", line 649, in get_updates
    updates = await super().get_updates(
              ^^^^^^^^^^^^^^^^^^^^^^^^^^
    ...<9 lines>...
    )
    ^
  File "C:\Users\Hanieh\AppData\Roaming\Python\Python313\site-packages\telegram\_bot.py", line 4366, in get_updates
    await self._post(
    ^^^^^^^^^^^^^^^^^
    ...<7 lines>...
    ),
    ^
  File "C:\Users\Hanieh\AppData\Roaming\Python\Python313\site-packages\telegram\_bot.py", line 623, in _post
    return await self._do_post(
           ^^^^^^^^^^^^^^^^^^^^
    ...<6 lines>...
    )
    ^
  File "C:\Users\Hanieh\AppData\Roaming\Python\Python313\site-packages\telegram\ext\_extbot.py", line 355, in _do_post
    return await super()._do_post(
           ^^^^^^^^^^^^^^^^^^^^^^^
    ...<6 lines>...
    )
    ^
  File "C:\Users\Hanieh\AppData\Roaming\Python\Python313\site-packages\telegram\_bot.py", line 652, in _do_post
    result = await request.post(
             ^^^^^^^^^^^^^^^^^^^
    ...<6 lines>...
    )
    ^
  File "C:\Users\Hanieh\AppData\Roaming\Python\Python313\site-packages\telegram\request\_baserequest.py", line 201, in post
    result = await self._request_wrapper(
             ^^^^^^^^^^^^^^^^^^^^^^^^^^^^
    ...<7 lines>...
    )
    ^
  File "C:\Users\Hanieh\AppData\Roaming\Python\Python313\site-packages\telegram\request\_baserequest.py", line 333, in _request_wrapper
    code, payload = await self.do_request(
                    ^^^^^^^^^^^^^^^^^^^^^^
    ...<7 lines>...
    )
    ^
  File "C:\Users\Hanieh\AppData\Roaming\Python\Python313\site-packages\telegram\request\_httpxrequest.py", line 316, in do_request
    raise NetworkError(f"httpx.{err.__class__.__name__}: {err}") from err
telegram.error.NetworkError: httpx.ConnectError: All connection attempts failed
2026-02-21 21:54:20,677 - telegram.ext.Application - ERROR - No error handlers are registered, logging exception.
Traceback (most recent call last):
  File "C:\Users\Hanieh\AppData\Roaming\Python\Python313\site-packages\httpx\_transports\default.py", line 72, in map_httpcore_exceptions
    yield
  File "C:\Users\Hanieh\AppData\Roaming\Python\Python313\site-packages\httpx\_transports\default.py", line 377, in handle_async_request
    resp = await self._pool.handle_async_request(req)
           ^^^^^^^^^^^^^^^^^^^^^^^^^^^^^^^^^^^^^^^^^^
  File "C:\Python313\Lib\site-packages\httpcore\_async\connection_pool.py", line 256, in handle_async_request
    raise exc from None
  File "C:\Python313\Lib\site-packages\httpcore\_async\connection_pool.py", line 236, in handle_async_request
    response = await connection.handle_async_request(
               ^^^^^^^^^^^^^^^^^^^^^^^^^^^^^^^^^^^^^^
        pool_request.request
        ^^^^^^^^^^^^^^^^^^^^
    )
    ^
  File "C:\Python313\Lib\site-packages\httpcore\_async\http_proxy.py", line 288, in handle_async_request
    connect_response = await self._connection.handle_async_request(
                       ^^^^^^^^^^^^^^^^^^^^^^^^^^^^^^^^^^^^^^^^^^^^
        connect_request
        ^^^^^^^^^^^^^^^
    )
    ^
  File "C:\Python313\Lib\site-packages\httpcore\_async\connection.py", line 103, in handle_async_request
    return await self._connection.handle_async_request(request)
           ^^^^^^^^^^^^^^^^^^^^^^^^^^^^^^^^^^^^^^^^^^^^^^^^^^^^
  File "C:\Python313\Lib\site-packages\httpcore\_async\http11.py", line 136, in handle_async_request
    raise exc
  File "C:\Python313\Lib\site-packages\httpcore\_async\http11.py", line 106, in handle_async_request
    ) = await self._receive_response_headers(**kwargs)
        ^^^^^^^^^^^^^^^^^^^^^^^^^^^^^^^^^^^^^^^^^^^^^^
  File "C:\Python313\Lib\site-packages\httpcore\_async\http11.py", line 177, in _receive_response_headers
    event = await self._receive_event(timeout=timeout)
            ^^^^^^^^^^^^^^^^^^^^^^^^^^^^^^^^^^^^^^^^^^
  File "C:\Python313\Lib\site-packages\httpcore\_async\http11.py", line 217, in _receive_event
    data = await self._network_stream.read(
           ^^^^^^^^^^^^^^^^^^^^^^^^^^^^^^^^
        self.READ_NUM_BYTES, timeout=timeout
        ^^^^^^^^^^^^^^^^^^^^^^^^^^^^^^^^^^^^
    )
    ^
  File "C:\Python313\Lib\site-packages\httpcore\_backends\anyio.py", line 32, in read
    with map_exceptions(exc_map):
         ~~~~~~~~~~~~~~^^^^^^^^^
  File "C:\Python313\Lib\contextlib.py", line 162, in __exit__
    self.gen.throw(value)
    ~~~~~~~~~~~~~~^^^^^^^
  File "C:\Python313\Lib\site-packages\httpcore\_exceptions.py", line 14, in map_exceptions
    raise to_exc(exc) from exc
httpcore.ReadError

The above exception was the direct cause of the following exception:

Traceback (most recent call last):
  File "C:\Users\Hanieh\AppData\Roaming\Python\Python313\site-packages\telegram\request\_httpxrequest.py", line 292, in do_request
    res = await self._client.request(
          ^^^^^^^^^^^^^^^^^^^^^^^^^^^
    ...<6 lines>...
    )
    ^
  File "C:\Users\Hanieh\AppData\Roaming\Python\Python313\site-packages\httpx\_client.py", line 1585, in request
    return await self.send(request, auth=auth, follow_redirects=follow_redirects)
           ^^^^^^^^^^^^^^^^^^^^^^^^^^^^^^^^^^^^^^^^^^^^^^^^^^^^^^^^^^^^^^^^^^^^^^
  File "C:\Users\Hanieh\AppData\Roaming\Python\Python313\site-packages\httpx\_client.py", line 1674, in send
    response = await self._send_handling_auth(
               ^^^^^^^^^^^^^^^^^^^^^^^^^^^^^^^
    ...<4 lines>...
    )
    ^
  File "C:\Users\Hanieh\AppData\Roaming\Python\Python313\site-packages\httpx\_client.py", line 1702, in _send_handling_auth
    response = await self._send_handling_redirects(
               ^^^^^^^^^^^^^^^^^^^^^^^^^^^^^^^^^^^^
    ...<3 lines>...
    )
    ^
  File "C:\Users\Hanieh\AppData\Roaming\Python\Python313\site-packages\httpx\_client.py", line 1739, in _send_handling_redirects
    response = await self._send_single_request(request)
               ^^^^^^^^^^^^^^^^^^^^^^^^^^^^^^^^^^^^^^^^
  File "C:\Users\Hanieh\AppData\Roaming\Python\Python313\site-packages\httpx\_client.py", line 1776, in _send_single_request
    response = await transport.handle_async_request(request)
               ^^^^^^^^^^^^^^^^^^^^^^^^^^^^^^^^^^^^^^^^^^^^^
  File "C:\Users\Hanieh\AppData\Roaming\Python\Python313\site-packages\httpx\_transports\default.py", line 376, in handle_async_request
    with map_httpcore_exceptions():
         ~~~~~~~~~~~~~~~~~~~~~~~^^
  File "C:\Python313\Lib\contextlib.py", line 162, in __exit__
    self.gen.throw(value)
    ~~~~~~~~~~~~~~^^^^^^^
  File "C:\Users\Hanieh\AppData\Roaming\Python\Python313\site-packages\httpx\_transports\default.py", line 89, in map_httpcore_exceptions
    raise mapped_exc(message) from exc
httpx.ReadError

The above exception was the direct cause of the following exception:

Traceback (most recent call last):
  File "C:\Users\Hanieh\AppData\Roaming\Python\Python313\site-packages\telegram\ext\_updater.py", line 753, in _network_loop_retry
    if not await do_action():
           ^^^^^^^^^^^^^^^^^
  File "C:\Users\Hanieh\AppData\Roaming\Python\Python313\site-packages\telegram\ext\_updater.py", line 747, in do_action
    return action_cb_task.result()
           ~~~~~~~~~~~~~~~~~~~~~^^
  File "C:\Users\Hanieh\AppData\Roaming\Python\Python313\site-packages\telegram\ext\_updater.py", line 377, in polling_action_cb
    updates = await self.bot.get_updates(
              ^^^^^^^^^^^^^^^^^^^^^^^^^^^
    ...<7 lines>...
    )
    ^
  File "C:\Users\Hanieh\AppData\Roaming\Python\Python313\site-packages\telegram\ext\_extbot.py", line 649, in get_updates
    updates = await super().get_updates(
              ^^^^^^^^^^^^^^^^^^^^^^^^^^
    ...<9 lines>...
    )
    ^
  File "C:\Users\Hanieh\AppData\Roaming\Python\Python313\site-packages\telegram\_bot.py", line 4366, in get_updates
    await self._post(
    ^^^^^^^^^^^^^^^^^
    ...<7 lines>...
    ),
    ^
  File "C:\Users\Hanieh\AppData\Roaming\Python\Python313\site-packages\telegram\_bot.py", line 623, in _post
    return await self._do_post(
           ^^^^^^^^^^^^^^^^^^^^
    ...<6 lines>...
    )
    ^
  File "C:\Users\Hanieh\AppData\Roaming\Python\Python313\site-packages\telegram\ext\_extbot.py", line 355, in _do_post
    return await super()._do_post(
           ^^^^^^^^^^^^^^^^^^^^^^^
    ...<6 lines>...
    )
    ^
  File "C:\Users\Hanieh\AppData\Roaming\Python\Python313\site-packages\telegram\_bot.py", line 652, in _do_post
    result = await request.post(
             ^^^^^^^^^^^^^^^^^^^
    ...<6 lines>...
    )
    ^
  File "C:\Users\Hanieh\AppData\Roaming\Python\Python313\site-packages\telegram\request\_baserequest.py", line 201, in post
    result = await self._request_wrapper(
             ^^^^^^^^^^^^^^^^^^^^^^^^^^^^
    ...<7 lines>...
    )
    ^
  File "C:\Users\Hanieh\AppData\Roaming\Python\Python313\site-packages\telegram\request\_baserequest.py", line 333, in _request_wrapper
    code, payload = await self.do_request(
                    ^^^^^^^^^^^^^^^^^^^^^^
    ...<7 lines>...
    )
    ^
  File "C:\Users\Hanieh\AppData\Roaming\Python\Python313\site-packages\telegram\request\_httpxrequest.py", line 316, in do_request
    raise NetworkError(f"httpx.{err.__class__.__name__}: {err}") from err
telegram.error.NetworkError: httpx.ReadError: 
2026-02-21 21:54:22,262 - telegram.ext.Application - ERROR - No error handlers are registered, logging exception.
Traceback (most recent call last):
  File "C:\Users\Hanieh\AppData\Roaming\Python\Python313\site-packages\httpx\_transports\default.py", line 72, in map_httpcore_exceptions
    yield
  File "C:\Users\Hanieh\AppData\Roaming\Python\Python313\site-packages\httpx\_transports\default.py", line 377, in handle_async_request
    resp = await self._pool.handle_async_request(req)
           ^^^^^^^^^^^^^^^^^^^^^^^^^^^^^^^^^^^^^^^^^^
  File "C:\Python313\Lib\site-packages\httpcore\_async\connection_pool.py", line 256, in handle_async_request
    raise exc from None
  File "C:\Python313\Lib\site-packages\httpcore\_async\connection_pool.py", line 236, in handle_async_request
    response = await connection.handle_async_request(
               ^^^^^^^^^^^^^^^^^^^^^^^^^^^^^^^^^^^^^^
        pool_request.request
        ^^^^^^^^^^^^^^^^^^^^
    )
    ^
  File "C:\Python313\Lib\site-packages\httpcore\_async\http_proxy.py", line 288, in handle_async_request
    connect_response = await self._connection.handle_async_request(
                       ^^^^^^^^^^^^^^^^^^^^^^^^^^^^^^^^^^^^^^^^^^^^
        connect_request
        ^^^^^^^^^^^^^^^
    )
    ^
  File "C:\Python313\Lib\site-packages\httpcore\_async\connection.py", line 103, in handle_async_request
    return await self._connection.handle_async_request(request)
           ^^^^^^^^^^^^^^^^^^^^^^^^^^^^^^^^^^^^^^^^^^^^^^^^^^^^
  File "C:\Python313\Lib\site-packages\httpcore\_async\http11.py", line 136, in handle_async_request
    raise exc
  File "C:\Python313\Lib\site-packages\httpcore\_async\http11.py", line 106, in handle_async_request
    ) = await self._receive_response_headers(**kwargs)
        ^^^^^^^^^^^^^^^^^^^^^^^^^^^^^^^^^^^^^^^^^^^^^^
  File "C:\Python313\Lib\site-packages\httpcore\_async\http11.py", line 177, in _receive_response_headers
    event = await self._receive_event(timeout=timeout)
            ^^^^^^^^^^^^^^^^^^^^^^^^^^^^^^^^^^^^^^^^^^
  File "C:\Python313\Lib\site-packages\httpcore\_async\http11.py", line 217, in _receive_event
    data = await self._network_stream.read(
           ^^^^^^^^^^^^^^^^^^^^^^^^^^^^^^^^
        self.READ_NUM_BYTES, timeout=timeout
        ^^^^^^^^^^^^^^^^^^^^^^^^^^^^^^^^^^^^
    )
    ^
  File "C:\Python313\Lib\site-packages\httpcore\_backends\anyio.py", line 32, in read
    with map_exceptions(exc_map):
         ~~~~~~~~~~~~~~^^^^^^^^^
  File "C:\Python313\Lib\contextlib.py", line 162, in __exit__
    self.gen.throw(value)
    ~~~~~~~~~~~~~~^^^^^^^
  File "C:\Python313\Lib\site-packages\httpcore\_exceptions.py", line 14, in map_exceptions
    raise to_exc(exc) from exc
httpcore.ReadError

The above exception was the direct cause of the following exception:

Traceback (most recent call last):
  File "C:\Users\Hanieh\AppData\Roaming\Python\Python313\site-packages\telegram\request\_httpxrequest.py", line 292, in do_request
    res = await self._client.request(
          ^^^^^^^^^^^^^^^^^^^^^^^^^^^
    ...<6 lines>...
    )
    ^
  File "C:\Users\Hanieh\AppData\Roaming\Python\Python313\site-packages\httpx\_client.py", line 1585, in request
    return await self.send(request, auth=auth, follow_redirects=follow_redirects)
           ^^^^^^^^^^^^^^^^^^^^^^^^^^^^^^^^^^^^^^^^^^^^^^^^^^^^^^^^^^^^^^^^^^^^^^
  File "C:\Users\Hanieh\AppData\Roaming\Python\Python313\site-packages\httpx\_client.py", line 1674, in send
    response = await self._send_handling_auth(
               ^^^^^^^^^^^^^^^^^^^^^^^^^^^^^^^
    ...<4 lines>...
    )
    ^
  File "C:\Users\Hanieh\AppData\Roaming\Python\Python313\site-packages\httpx\_client.py", line 1702, in _send_handling_auth
    response = await self._send_handling_redirects(
               ^^^^^^^^^^^^^^^^^^^^^^^^^^^^^^^^^^^^
    ...<3 lines>...
    )
    ^
  File "C:\Users\Hanieh\AppData\Roaming\Python\Python313\site-packages\httpx\_client.py", line 1739, in _send_handling_redirects
    response = await self._send_single_request(request)
               ^^^^^^^^^^^^^^^^^^^^^^^^^^^^^^^^^^^^^^^^
  File "C:\Users\Hanieh\AppData\Roaming\Python\Python313\site-packages\httpx\_client.py", line 1776, in _send_single_request
    response = await transport.handle_async_request(request)
               ^^^^^^^^^^^^^^^^^^^^^^^^^^^^^^^^^^^^^^^^^^^^^
  File "C:\Users\Hanieh\AppData\Roaming\Python\Python313\site-packages\httpx\_transports\default.py", line 376, in handle_async_request
    with map_httpcore_exceptions():
         ~~~~~~~~~~~~~~~~~~~~~~~^^
  File "C:\Python313\Lib\contextlib.py", line 162, in __exit__
    self.gen.throw(value)
    ~~~~~~~~~~~~~~^^^^^^^
  File "C:\Users\Hanieh\AppData\Roaming\Python\Python313\site-packages\httpx\_transports\default.py", line 89, in map_httpcore_exceptions
    raise mapped_exc(message) from exc
httpx.ReadError

The above exception was the direct cause of the following exception:

Traceback (most recent call last):
  File "C:\Users\Hanieh\AppData\Roaming\Python\Python313\site-packages\telegram\ext\_updater.py", line 753, in _network_loop_retry
    if not await do_action():
           ^^^^^^^^^^^^^^^^^
  File "C:\Users\Hanieh\AppData\Roaming\Python\Python313\site-packages\telegram\ext\_updater.py", line 747, in do_action
    return action_cb_task.result()
           ~~~~~~~~~~~~~~~~~~~~~^^
  File "C:\Users\Hanieh\AppData\Roaming\Python\Python313\site-packages\telegram\ext\_updater.py", line 377, in polling_action_cb
    updates = await self.bot.get_updates(
              ^^^^^^^^^^^^^^^^^^^^^^^^^^^
    ...<7 lines>...
    )
    ^
  File "C:\Users\Hanieh\AppData\Roaming\Python\Python313\site-packages\telegram\ext\_extbot.py", line 649, in get_updates
    updates = await super().get_updates(
              ^^^^^^^^^^^^^^^^^^^^^^^^^^
    ...<9 lines>...
    )
    ^
  File "C:\Users\Hanieh\AppData\Roaming\Python\Python313\site-packages\telegram\_bot.py", line 4366, in get_updates
    await self._post(
    ^^^^^^^^^^^^^^^^^
    ...<7 lines>...
    ),
    ^
  File "C:\Users\Hanieh\AppData\Roaming\Python\Python313\site-packages\telegram\_bot.py", line 623, in _post
    return await self._do_post(
           ^^^^^^^^^^^^^^^^^^^^
    ...<6 lines>...
    )
    ^
  File "C:\Users\Hanieh\AppData\Roaming\Python\Python313\site-packages\telegram\ext\_extbot.py", line 355, in _do_post
    return await super()._do_post(
           ^^^^^^^^^^^^^^^^^^^^^^^
    ...<6 lines>...
    )
    ^
  File "C:\Users\Hanieh\AppData\Roaming\Python\Python313\site-packages\telegram\_bot.py", line 652, in _do_post
    result = await request.post(
             ^^^^^^^^^^^^^^^^^^^
    ...<6 lines>...
    )
    ^
  File "C:\Users\Hanieh\AppData\Roaming\Python\Python313\site-packages\telegram\request\_baserequest.py", line 201, in post
    result = await self._request_wrapper(
             ^^^^^^^^^^^^^^^^^^^^^^^^^^^^
    ...<7 lines>...
    )
    ^
  File "C:\Users\Hanieh\AppData\Roaming\Python\Python313\site-packages\telegram\request\_baserequest.py", line 333, in _request_wrapper
    code, payload = await self.do_request(
                    ^^^^^^^^^^^^^^^^^^^^^^
    ...<7 lines>...
    )
    ^
  File "C:\Users\Hanieh\AppData\Roaming\Python\Python313\site-packages\telegram\request\_httpxrequest.py", line 316, in do_request
    raise NetworkError(f"httpx.{err.__class__.__name__}: {err}") from err
telegram.error.NetworkError: httpx.ReadError: 
2026-02-21 21:54:57,700 - httpx - INFO - HTTP Request: POST https://api.telegram.org/bot8416661246:AAEb0d-g188-zJiiP54-3AQ85LpJLHl9RUw/getUpdates "HTTP/1.1 200 OK"
2026-02-21 21:55:07,880 - httpx - INFO - HTTP Request: POST https://api.telegram.org/bot8416661246:AAEb0d-g188-zJiiP54-3AQ85LpJLHl9RUw/getUpdates "HTTP/1.1 200 OK"
2026-02-21 21:55:18,039 - httpx - INFO - HTTP Request: POST https://api.telegram.org/bot8416661246:AAEb0d-g188-zJiiP54-3AQ85LpJLHl9RUw/getUpdates "HTTP/1.1 200 OK"
